time,close
2015-01-14 01:00:00,32.82
2015-01-15 01:00:00,32.99
2015-01-16 01:00:00,33.39
2015-01-20 01:00:00,32.84
2015-01-21 01:00:00,32.41
2015-01-22 01:00:00,31.97
2015-01-23 01:00:00,31.6
2015-01-26 01:00:00,31.08
2015-01-27 01:00:00,31.17
2015-01-28 01:00:00,30.34
2015-01-29 01:00:00,29.54
2015-01-30 01:00:00,30.0
2015-02-02 01:00:00,30.41
2015-02-03 01:00:00,30.8
2015-02-04 01:00:00,30.59
2015-02-05 01:00:00,31.71
2015-02-06 01:00:00,31.82
2015-02-09 01:00:00,32.01
2015-02-10 01:00:00,31.45
2015-02-11 01:00:00,31.75
2015-02-12 01:00:00,32.01
2015-02-13 01:00:00,32.4
2015-02-17 01:00:00,32.32
2015-02-18 01:00:00,32.01
2015-02-19 01:00:00,32.04
2015-02-20 01:00:00,31.67
2015-02-23 01:00:00,31.33
2015-02-24 01:00:00,31.61
2015-02-25 01:00:00,31.91
2015-02-26 01:00:00,32.04
2015-02-27 01:00:00,32.95
2015-03-02 01:00:00,32.83
2015-03-03 01:00:00,32.97
2015-03-04 01:00:00,32.21
2015-03-05 01:00:00,31.57
2015-03-06 01:00:00,31.28
2015-03-09 00:00:00,31.0
2015-03-10 00:00:00,30.96
2015-03-11 00:00:00,31.1
2015-03-12 00:00:00,30.87
2015-03-13 00:00:00,30.49
2015-03-16 00:00:00,30.39
2015-03-17 00:00:00,30.04
2015-03-18 00:00:00,30.63
2015-03-19 00:00:00,30.62
2015-03-20 00:00:00,30.68
2015-03-23 00:00:00,31.15
2015-03-24 00:00:00,31.11
2015-03-25 00:00:00,31.04
2015-03-26 00:00:00,31.17
2015-03-27 00:00:00,30.6
2015-03-30 00:00:00,30.49
2015-03-31 00:00:00,30.39
2015-04-01 00:00:00,30.69
2015-04-02 00:00:00,31.04
2015-04-06 00:00:00,31.26
2015-04-07 00:00:00,31.03
2015-04-08 00:00:00,30.95
2015-04-09 00:00:00,30.84
2015-04-10 00:00:00,31.09
2015-04-13 00:00:00,31.04
2015-04-14 00:00:00,31.3
2015-04-15 00:00:00,31.8
2015-04-16 00:00:00,31.76
2015-04-17 00:00:00,31.52
2015-04-20 00:00:00,31.59
2015-04-21 00:00:00,31.82
2015-04-22 00:00:00,31.75
2015-04-23 00:00:00,32.22
2015-04-24 00:00:00,31.86
2015-04-27 00:00:00,31.84
2015-04-28 00:00:00,31.38
2015-04-29 00:00:00,31.64
2015-04-30 00:00:00,31.65
2015-05-01 00:00:00,31.58
2015-05-04 00:00:00,32.63
2015-05-05 00:00:00,33.05
2015-05-06 00:00:00,32.92
2015-05-07 00:00:00,32.49
2015-05-08 00:00:00,32.96
2015-05-11 00:00:00,33.19
2015-05-12 00:00:00,32.97
2015-05-13 00:00:00,33.24
2015-05-14 00:00:00,33.34
2015-05-15 00:00:00,33.07
2015-05-18 00:00:00,32.78
2015-05-19 00:00:00,32.18
2015-05-20 00:00:00,32.2
2015-05-21 00:00:00,32.25
2015-05-22 00:00:00,31.64
2015-05-26 00:00:00,32.14
2015-05-27 00:00:00,31.73
2015-05-28 00:00:00,32.06
2015-05-29 00:00:00,33.33
2015-06-01 00:00:00,34.51
2015-06-02 00:00:00,34.17
2015-06-03 00:00:00,34.73
2015-06-04 00:00:00,34.53
2015-06-05 00:00:00,34.78
2015-06-08 00:00:00,34.1
2015-06-09 00:00:00,33.93
2015-06-10 00:00:00,33.87
2015-06-11 00:00:00,33.29
2015-06-12 00:00:00,33.14
2015-06-15 00:00:00,32.69
2015-06-16 00:00:00,32.9
2015-06-17 00:00:00,32.85
2015-06-18 00:00:00,32.25
2015-06-19 00:00:00,32.96
2015-06-22 00:00:00,33.31
2015-06-23 00:00:00,33.2
2015-06-24 00:00:00,33.7
2015-06-25 00:00:00,33.85
2015-06-26 00:00:00,33.65
2015-06-29 00:00:00,33.41
2015-06-30 00:00:00,34.07
2015-07-01 00:00:00,33.49
2015-07-02 00:00:00,33.92
2015-07-06 00:00:00,33.12
2015-07-07 00:00:00,31.8
2015-07-08 00:00:00,32.05
2015-07-09 00:00:00,32.77
2015-07-10 00:00:00,32.85
2015-07-13 00:00:00,33.2
2015-07-14 00:00:00,32.81
2015-07-15 00:00:00,32.02
2015-07-16 00:00:00,31.8
2015-07-17 00:00:00,32.16
2015-07-20 00:00:00,32.06
2015-07-21 00:00:00,32.35
2015-07-22 00:00:00,31.72
2015-07-23 00:00:00,31.59
2015-07-24 00:00:00,30.85
2015-07-27 00:00:00,30.48
2015-07-28 00:00:00,31.08
2015-07-29 00:00:00,30.62
2015-07-30 00:00:00,30.72
2015-07-31 00:00:00,30.39
2015-08-03 00:00:00,30.3
2015-08-04 00:00:00,30.28
2015-08-05 00:00:00,30.04
2015-08-06 00:00:00,30.07
2015-08-07 00:00:00,30.46
2015-08-10 00:00:00,30.83
2015-08-11 00:00:00,30.47
2015-08-12 00:00:00,29.42
2015-08-13 00:00:00,29.31
2015-08-14 00:00:00,29.4
2015-08-17 00:00:00,29.37
2015-08-18 00:00:00,28.62
2015-08-19 00:00:00,28.21
2015-08-20 00:00:00,28.28
2015-08-21 00:00:00,27.67
2015-08-24 00:00:00,26.86
2015-08-25 00:00:00,27.15
2015-08-26 00:00:00,26.44
2015-08-27 00:00:00,27.24
2015-08-28 00:00:00,28.17
2015-08-31 00:00:00,28.25
2015-09-01 00:00:00,27.55
2015-09-02 00:00:00,27.09
2015-09-03 00:00:00,27.07
2015-09-04 00:00:00,26.73
2015-09-08 00:00:00,27.17
2015-09-09 00:00:00,26.9
2015-09-10 00:00:00,27.17
2015-09-11 00:00:00,26.85
2015-09-14 00:00:00,27.13
2015-09-15 00:00:00,26.66
2015-09-16 00:00:00,26.89
2015-09-17 00:00:00,26.87
2015-09-18 00:00:00,26.25
2015-09-21 00:00:00,26.71
2015-09-22 00:00:00,26.34
2015-09-23 00:00:00,26.54
2015-09-24 00:00:00,27.18
2015-09-25 00:00:00,27.91
2015-09-28 00:00:00,27.37
2015-09-29 00:00:00,27.69
2015-09-30 00:00:00,27.34
2015-10-01 00:00:00,27.32
2015-10-02 00:00:00,28.06
2015-10-05 00:00:00,28.66
2015-10-06 00:00:00,28.71
2015-10-07 00:00:00,28.62
2015-10-08 00:00:00,28.36
2015-10-09 00:00:00,28.34
2015-10-12 00:00:00,28.18
2015-10-13 00:00:00,28.79
2015-10-14 00:00:00,28.83
2015-10-15 00:00:00,28.58
2015-10-16 00:00:00,28.6
2015-10-19 00:00:00,28.14
2015-10-20 00:00:00,28.66
2015-10-21 00:00:00,29.18
2015-10-22 00:00:00,28.85
2015-10-23 00:00:00,28.57
2015-10-26 00:00:00,27.78
2015-10-27 00:00:00,27.89
2015-10-28 00:00:00,28.11
2015-10-29 00:00:00,27.88
2015-10-30 00:00:00,28.2
2015-11-02 01:00:00,27.85
2015-11-03 01:00:00,28.15
2015-11-04 01:00:00,28.5
2015-11-05 01:00:00,27.83
2015-11-06 01:00:00,28.04
2015-11-09 01:00:00,27.77
2015-11-10 01:00:00,27.27
2015-11-11 01:00:00,27.18
2015-11-12 01:00:00,27.44
2015-11-13 01:00:00,27.04
2015-11-16 01:00:00,27.29
2015-11-17 01:00:00,27.47
2015-11-18 01:00:00,27.44
2015-11-19 01:00:00,27.84
2015-11-20 01:00:00,28.18
2015-11-23 01:00:00,28.19
2015-11-24 01:00:00,28.59
2015-11-25 01:00:00,29.21
2015-11-27 01:00:00,29.08
2015-11-30 01:00:00,29.42
2015-12-01 01:00:00,30.08
2015-12-02 01:00:00,30.57
2015-12-03 01:00:00,30.87
2015-12-04 01:00:00,32.08
2015-12-07 01:00:00,31.25
2015-12-08 01:00:00,31.49
2015-12-09 01:00:00,31.11
2015-12-10 01:00:00,31.79
2015-12-11 01:00:00,31.36
2015-12-14 01:00:00,31.12
2015-12-15 01:00:00,30.7
2015-12-16 01:00:00,30.37
2015-12-17 01:00:00,30.07
2015-12-18 01:00:00,30.53
2015-12-21 01:00:00,31.03
2015-12-22 01:00:00,30.69
2015-12-23 01:00:00,30.76
2015-12-24 01:00:00,31.1
2015-12-28 01:00:00,30.44
2015-12-29 01:00:00,30.77
2015-12-30 01:00:00,31.07
2015-12-31 01:00:00,30.75
2016-01-04 01:00:00,30.12
2016-01-05 01:00:00,29.81
2016-01-06 01:00:00,29.78
2016-01-07 01:00:00,29.62
2016-01-08 01:00:00,29.64
2016-01-11 01:00:00,29.25
2016-01-12 01:00:00,29.18
2016-01-13 01:00:00,29.54
2016-01-14 01:00:00,29.75
2016-01-15 01:00:00,29.65
2016-01-19 01:00:00,30.03
2016-01-20 01:00:00,29.81
2016-01-21 01:00:00,29.94
2016-01-22 01:00:00,30.5
2016-01-25 01:00:00,30.44
2016-01-26 01:00:00,30.74
2016-01-27 01:00:00,30.87
2016-01-28 01:00:00,30.69
2016-01-29 01:00:00,30.88
2016-02-01 01:00:00,30.76
2016-02-02 01:00:00,30.79
2016-02-03 01:00:00,30.98
2016-02-04 01:00:00,31.24
2016-02-05 01:00:00,31.23
2016-02-08 01:00:00,30.75
2016-02-09 01:00:00,30.7
2016-02-10 01:00:00,31.01
2016-02-11 01:00:00,31.59
2016-02-12 01:00:00,31.8
2016-02-16 01:00:00,31.61
2016-02-17 01:00:00,31.99
2016-02-18 01:00:00,31.83
2016-02-19 01:00:00,31.63
2016-02-22 01:00:00,31.74
2016-02-23 01:00:00,31.01
2016-02-24 01:00:00,31.19
2016-02-25 01:00:00,30.91
2016-02-26 01:00:00,31.23
2016-02-29 01:00:00,30.87
2016-03-01 01:00:00,30.54
2016-03-02 01:00:00,30.37
2016-03-03 01:00:00,30.61
2016-03-04 01:00:00,30.96
2016-03-07 01:00:00,31.17
2016-03-08 01:00:00,31.14
2016-03-09 01:00:00,31.74
2016-03-10 01:00:00,31.62
2016-03-11 01:00:00,32.13
2016-03-14 00:00:00,32.45
2016-03-15 00:00:00,32.49
2016-03-16 00:00:00,32.69
2016-03-17 00:00:00,33.41
2016-03-18 00:00:00,33.42
2016-03-21 00:00:00,33.58
2016-03-22 00:00:00,33.93
2016-03-23 00:00:00,33.36
2016-03-24 00:00:00,33.18
2016-03-28 00:00:00,33.63
2016-03-29 00:00:00,34.05
2016-03-30 00:00:00,33.79
2016-03-31 00:00:00,34.22
2016-04-01 00:00:00,34.45
2016-04-04 00:00:00,34.69
2016-04-05 00:00:00,33.99
2016-04-06 00:00:00,34.26
2016-04-07 00:00:00,34.1
2016-04-08 00:00:00,33.94
2016-04-11 00:00:00,33.9
2016-04-12 00:00:00,33.69
2016-04-13 00:00:00,33.96
2016-04-14 00:00:00,33.69
2016-04-15 00:00:00,33.38
2016-04-18 00:00:00,33.95
2016-04-19 00:00:00,34.78
2016-04-20 00:00:00,34.64
2016-04-21 00:00:00,34.5
2016-04-22 00:00:00,34.3
2016-04-25 00:00:00,34.2
2016-04-26 00:00:00,34.21
2016-04-27 00:00:00,33.87
2016-04-28 00:00:00,33.27
2016-04-29 00:00:00,33.14
2016-05-02 00:00:00,32.5
2016-05-03 00:00:00,32.41
2016-05-04 00:00:00,32.47
2016-05-05 00:00:00,32.26
2016-05-06 00:00:00,33.06
2016-05-09 00:00:00,32.83
2016-05-10 00:00:00,33.44
2016-05-11 00:00:00,33.36
2016-05-12 00:00:00,32.57
2016-05-13 00:00:00,32.5
2016-05-16 00:00:00,32.79
2016-05-17 00:00:00,32.78
2016-05-18 00:00:00,32.45
2016-05-19 00:00:00,31.91
2016-05-20 00:00:00,31.27
2016-05-23 00:00:00,31.15
2016-05-24 00:00:00,30.89
2016-05-25 00:00:00,31.34
2016-05-26 00:00:00,31.04
2016-05-27 00:00:00,31.48
2016-05-31 00:00:00,31.82
2016-06-01 00:00:00,32.19
2016-06-02 00:00:00,32.26
2016-06-03 00:00:00,32.26
2016-06-06 00:00:00,32.51
2016-06-07 00:00:00,32.29
2016-06-08 00:00:00,32.89
2016-06-09 00:00:00,33.03
2016-06-10 00:00:00,32.76
2016-06-13 00:00:00,32.51
2016-06-14 00:00:00,32.52
2016-06-15 00:00:00,31.96
2016-06-16 00:00:00,31.16
2016-06-17 00:00:00,31.93
2016-06-20 00:00:00,31.64
2016-06-21 00:00:00,31.36
2016-06-22 00:00:00,32.24
2016-06-23 00:00:00,32.46
2016-06-24 00:00:00,31.66
2016-06-27 00:00:00,31.93
2016-06-28 00:00:00,31.76
2016-06-29 00:00:00,31.44
2016-06-30 00:00:00,32.07
2016-07-01 00:00:00,31.64
2016-07-05 00:00:00,31.32
2016-07-06 00:00:00,30.79
2016-07-07 00:00:00,30.18
2016-07-08 00:00:00,30.78
2016-07-11 00:00:00,30.75
2016-07-12 00:00:00,31.32
2016-07-13 00:00:00,31.24
2016-07-14 00:00:00,31.19
2016-07-15 00:00:00,31.42
2016-07-18 00:00:00,31.47
2016-07-19 00:00:00,31.18
2016-07-20 00:00:00,31.25
2016-07-21 00:00:00,31.6
2016-07-22 00:00:00,30.7
2016-07-25 00:00:00,29.96
2016-07-26 00:00:00,30.08
2016-07-27 00:00:00,30.02
2016-07-28 00:00:00,29.98
2016-07-29 00:00:00,30.85
2016-08-01 00:00:00,30.22
2016-08-02 00:00:00,30.54
2016-08-03 00:00:00,30.81
2016-08-04 00:00:00,31.03
2016-08-05 00:00:00,31.01
2016-08-08 00:00:00,31.42
2016-08-09 00:00:00,31.65
2016-08-10 00:00:00,31.99
2016-08-11 00:00:00,32.21
2016-08-12 00:00:00,32.45
2016-08-15 00:00:00,33.64
2016-08-16 00:00:00,33.82
2016-08-17 00:00:00,34.44
2016-08-18 00:00:00,34.61
2016-08-19 00:00:00,34.56
2016-08-22 00:00:00,34.31
2016-08-23 00:00:00,34.32
2016-08-24 00:00:00,33.99
2016-08-25 00:00:00,33.32
2016-08-26 00:00:00,33.35
2016-08-29 00:00:00,33.22
2016-08-30 00:00:00,33.14
2016-08-31 00:00:00,32.87
2016-09-01 00:00:00,32.55
2016-09-02 00:00:00,33.04
2016-09-06 00:00:00,33.13
2016-09-07 00:00:00,33.15
2016-09-08 00:00:00,33.27
2016-09-09 00:00:00,33.37
2016-09-12 00:00:00,32.64
2016-09-13 00:00:00,31.85
2016-09-14 00:00:00,31.86
2016-09-15 00:00:00,32.28
2016-09-16 00:00:00,32.23
2016-09-19 00:00:00,33.08
2016-09-20 00:00:00,34.09
2016-09-21 00:00:00,33.66
2016-09-22 00:00:00,34.21
2016-09-23 00:00:00,33.56
2016-09-26 00:00:00,33.35
2016-09-27 00:00:00,33.35
2016-09-28 00:00:00,32.89
2016-09-29 00:00:00,33.34
2016-09-30 00:00:00,33.44
2016-10-03 00:00:00,33.24
2016-10-04 00:00:00,33.1
2016-10-05 00:00:00,32.84
2016-10-06 00:00:00,33.3
2016-10-07 00:00:00,33.31
2016-10-10 00:00:00,33.82
2016-10-11 00:00:00,33.35
2016-10-12 00:00:00,33.34
2016-10-13 00:00:00,33.38
2016-10-14 00:00:00,34.38
2016-10-17 00:00:00,35.44
2016-10-18 00:00:00,35.07
2016-10-19 00:00:00,35.4
2016-10-20 00:00:00,35.05
2016-10-21 00:00:00,35.12
2016-10-24 00:00:00,35.99
2016-10-25 00:00:00,35.8
2016-10-26 00:00:00,35.72
2016-10-27 00:00:00,35.11
2016-10-28 00:00:00,35.41
2016-10-31 00:00:00,35.17
2016-11-01 00:00:00,34.85
2016-11-02 00:00:00,34.98
2016-11-03 00:00:00,35.1
2016-11-04 00:00:00,34.71
2016-11-07 01:00:00,34.79
2016-11-08 01:00:00,35.31
2016-11-09 01:00:00,34.31
2016-11-10 01:00:00,34.77
2016-11-11 01:00:00,34.44
2016-11-14 01:00:00,33.95
2016-11-15 01:00:00,34.21
2016-11-16 01:00:00,34.1
2016-11-17 01:00:00,33.7
2016-11-18 01:00:00,34.05
2016-11-21 01:00:00,34.93
2016-11-22 01:00:00,34.77
2016-11-23 01:00:00,37.14
2016-11-25 01:00:00,36.94
2016-11-28 01:00:00,36.97
2016-11-29 01:00:00,36.62
2016-11-30 01:00:00,36.99
2016-12-01 01:00:00,37.85
2016-12-02 01:00:00,37.72
2016-12-05 01:00:00,37.67
2016-12-06 01:00:00,37.82
2016-12-07 01:00:00,37.93
2016-12-08 01:00:00,37.26
2016-12-09 01:00:00,36.94
2016-12-12 01:00:00,36.97
2016-12-13 01:00:00,36.78
2016-12-14 01:00:00,36.92
2016-12-15 01:00:00,36.74
2016-12-16 01:00:00,36.74
2016-12-19 01:00:00,36.56
2016-12-20 01:00:00,36.35
2016-12-21 01:00:00,36.34
2016-12-22 01:00:00,35.09
2016-12-23 01:00:00,34.88
2016-12-27 01:00:00,35.4
2016-12-28 01:00:00,35.12
2016-12-29 01:00:00,34.79
2016-12-30 01:00:00,34.66
2017-01-03 01:00:00,34.81
2017-01-04 01:00:00,35.21
2017-01-05 01:00:00,35.22
2017-01-06 01:00:00,34.98
2017-01-09 01:00:00,35.49
2017-01-10 01:00:00,35.64
2017-01-11 01:00:00,36.0
2017-01-12 01:00:00,36.07
2017-01-13 01:00:00,35.6
2017-01-17 01:00:00,35.56
2017-01-18 01:00:00,35.58
2017-01-19 01:00:00,35.44
2017-01-20 01:00:00,35.15
2017-01-23 01:00:00,35.13
2017-01-24 01:00:00,35.28
2017-01-25 01:00:00,34.87
2017-01-26 01:00:00,34.47
2017-01-27 01:00:00,34.27
2017-01-30 01:00:00,33.61
2017-01-31 01:00:00,33.85
2017-02-01 01:00:00,34.31
2017-02-02 01:00:00,34.59
2017-02-03 01:00:00,33.86
2017-02-06 01:00:00,34.44
2017-02-07 01:00:00,34.3
2017-02-08 01:00:00,34.69
2017-02-09 01:00:00,34.67
2017-02-10 01:00:00,34.61
2017-02-13 01:00:00,34.17
2017-02-14 01:00:00,34.14
2017-02-15 01:00:00,33.94
2017-02-16 01:00:00,33.52
2017-02-17 01:00:00,33.16
2017-02-21 01:00:00,32.95
2017-02-22 01:00:00,33.0
2017-02-23 01:00:00,32.59
2017-02-24 01:00:00,32.67
2017-02-27 01:00:00,32.63
2017-02-28 01:00:00,33.93
2017-03-01 01:00:00,34.74
2017-03-02 01:00:00,34.13
2017-03-03 01:00:00,34.38
2017-03-06 01:00:00,34.27
2017-03-07 01:00:00,33.73
2017-03-08 01:00:00,33.54
2017-03-09 01:00:00,33.11
2017-03-10 01:00:00,32.68
2017-03-13 00:00:00,32.12
2017-03-14 00:00:00,32.3
2017-03-15 00:00:00,32.22
2017-03-16 00:00:00,32.26
2017-03-17 00:00:00,32.3
2017-03-20 00:00:00,32.74
2017-03-21 00:00:00,33.14
2017-03-22 00:00:00,33.52
2017-03-23 00:00:00,33.22
2017-03-24 00:00:00,32.23
2017-03-27 00:00:00,32.29
2017-03-28 00:00:00,32.47
2017-03-29 00:00:00,32.21
2017-03-30 00:00:00,32.01
2017-03-31 00:00:00,31.78
2017-04-03 00:00:00,31.42
2017-04-04 00:00:00,31.43
2017-04-05 00:00:00,31.83
2017-04-06 00:00:00,31.37
2017-04-07 00:00:00,31.62
2017-04-10 00:00:00,31.35
2017-04-11 00:00:00,31.07
2017-04-12 00:00:00,31.24
2017-04-13 00:00:00,31.19
2017-04-17 00:00:00,31.8
2017-04-18 00:00:00,31.14
2017-04-19 00:00:00,31.58
2017-04-20 00:00:00,32.12
2017-04-21 00:00:00,32.16
2017-04-24 00:00:00,31.93
2017-04-25 00:00:00,31.85
2017-04-26 00:00:00,32.16
2017-04-27 00:00:00,31.96
2017-04-28 00:00:00,31.71
2017-05-01 00:00:00,32.16
2017-05-02 00:00:00,32.62
2017-05-03 00:00:00,32.56
2017-05-04 00:00:00,32.5
2017-05-05 00:00:00,32.9
2017-05-08 00:00:00,32.94
2017-05-09 00:00:00,32.89
2017-05-10 00:00:00,32.28
2017-05-11 00:00:00,32.49
2017-05-12 00:00:00,32.84
2017-05-15 00:00:00,33.02
2017-05-16 00:00:00,33.01
2017-05-17 00:00:00,33.15
2017-05-18 00:00:00,32.44
2017-05-19 00:00:00,33.04
2017-05-22 00:00:00,32.94
2017-05-23 00:00:00,32.34
2017-05-24 00:00:00,32.28
2017-05-25 00:00:00,32.04
2017-05-26 00:00:00,31.6
2017-05-30 00:00:00,31.42
2017-05-31 00:00:00,31.34
2017-06-01 00:00:00,31.25
2017-06-02 00:00:00,31.01
2017-06-05 00:00:00,31.31
2017-06-06 00:00:00,31.39
2017-06-07 00:00:00,31.36
2017-06-08 00:00:00,31.85
2017-06-09 00:00:00,32.29
2017-06-12 00:00:00,31.94
2017-06-13 00:00:00,32.09
2017-06-14 00:00:00,32.09
2017-06-15 00:00:00,32.74
2017-06-16 00:00:00,33.11
2017-06-19 00:00:00,32.82
2017-06-20 00:00:00,32.02
2017-06-21 00:00:00,31.85
2017-06-22 00:00:00,32.05
2017-06-23 00:00:00,32.09
2017-06-26 00:00:00,31.99
2017-06-27 00:00:00,32.54
2017-06-28 00:00:00,32.56
2017-06-29 00:00:00,32.86
2017-06-30 00:00:00,33.34
2017-07-03 00:00:00,33.58
2017-07-05 00:00:00,33.71
2017-07-06 00:00:00,33.38
2017-07-07 00:00:00,33.32
2017-07-10 00:00:00,34.17
2017-07-11 00:00:00,34.32
2017-07-12 00:00:00,33.99
2017-07-13 00:00:00,33.5
2017-07-14 00:00:00,33.68
2017-07-17 00:00:00,33.44
2017-07-18 00:00:00,33.59
2017-07-19 00:00:00,33.88
2017-07-20 00:00:00,34.45
2017-07-21 00:00:00,34.27
2017-07-24 00:00:00,34.05
2017-07-25 00:00:00,33.97
2017-07-26 00:00:00,34.21
2017-07-27 00:00:00,34.29
2017-07-28 00:00:00,35.02
2017-07-31 00:00:00,35.13
2017-08-01 00:00:00,34.28
2017-08-02 00:00:00,34.57
2017-08-03 00:00:00,33.8
2017-08-04 00:00:00,34.03
2017-08-07 00:00:00,33.93
2017-08-08 00:00:00,34.22
2017-08-09 00:00:00,34.53
2017-08-10 00:00:00,34.16
2017-08-11 00:00:00,33.99
2017-08-14 00:00:00,33.77
2017-08-15 00:00:00,33.04
2017-08-16 00:00:00,33.18
2017-08-17 00:00:00,33.55
2017-08-18 00:00:00,33.97
2017-08-21 00:00:00,34.17
2017-08-22 00:00:00,34.42
2017-08-23 00:00:00,35.06
2017-08-24 00:00:00,35.13
2017-08-25 00:00:00,34.95
2017-08-28 00:00:00,34.96
2017-08-29 00:00:00,34.65
2017-08-30 00:00:00,34.69
2017-08-31 00:00:00,35.06
2017-09-01 00:00:00,35.67
2017-09-05 00:00:00,35.44
2017-09-06 00:00:00,35.56
2017-09-07 00:00:00,35.43
2017-09-08 00:00:00,34.94
2017-09-11 00:00:00,35.15
2017-09-12 00:00:00,35.19
2017-09-13 00:00:00,35.09
2017-09-14 00:00:00,35.08
2017-09-15 00:00:00,34.81
2017-09-18 00:00:00,34.43
2017-09-19 00:00:00,34.76
2017-09-20 00:00:00,34.91
2017-09-21 00:00:00,34.34
2017-09-22 00:00:00,34.22
2017-09-25 00:00:00,34.01
2017-09-26 00:00:00,33.45
2017-09-27 00:00:00,33.22
2017-09-28 00:00:00,32.82
2017-09-29 00:00:00,32.82
2017-10-02 00:00:00,32.52
2017-10-03 00:00:00,32.75
2017-10-04 00:00:00,33.23
2017-10-05 00:00:00,33.0
2017-10-06 00:00:00,32.95
2017-10-09 00:00:00,33.26
2017-10-10 00:00:00,33.11
2017-10-11 00:00:00,33.15
2017-10-12 00:00:00,33.28
2017-10-13 00:00:00,33.69
2017-10-16 00:00:00,33.59
2017-10-17 00:00:00,33.59
2017-10-18 00:00:00,33.41
2017-10-19 00:00:00,33.83
2017-10-20 00:00:00,34.16
2017-10-23 00:00:00,34.63
2017-10-24 00:00:00,34.34
2017-10-25 00:00:00,34.26
2017-10-26 00:00:00,34.5
2017-10-27 00:00:00,34.84
2017-10-30 00:00:00,34.68
2017-10-31 00:00:00,34.75
2017-11-01 00:00:00,34.9
2017-11-02 00:00:00,34.86
2017-11-03 00:00:00,34.42
2017-11-06 01:00:00,34.73
2017-11-07 01:00:00,35.02
2017-11-08 01:00:00,35.37
2017-11-09 01:00:00,35.14
2017-11-10 01:00:00,34.81
2017-11-13 01:00:00,34.33
2017-11-14 01:00:00,34.01
2017-11-15 01:00:00,34.75
2017-11-16 01:00:00,34.43
2017-11-17 01:00:00,34.44
2017-11-20 01:00:00,33.95
2017-11-21 01:00:00,34.32
2017-11-22 01:00:00,34.2
2017-11-24 01:00:00,34.08
2017-11-27 01:00:00,33.74
2017-11-28 01:00:00,34.13
2017-11-29 01:00:00,34.07
2017-11-30 01:00:00,33.85
2017-12-01 01:00:00,33.69
2017-12-04 01:00:00,33.44
2017-12-05 01:00:00,33.5
2017-12-06 01:00:00,33.17
2017-12-07 01:00:00,33.33
2017-12-08 01:00:00,33.62
2017-12-11 01:00:00,33.46
2017-12-12 01:00:00,33.45
2017-12-13 01:00:00,33.21
2017-12-14 01:00:00,33.18
2017-12-15 01:00:00,33.16
2017-12-18 01:00:00,33.02
2017-12-19 01:00:00,33.39
2017-12-20 01:00:00,33.13
2017-12-21 01:00:00,32.83
2017-12-22 01:00:00,32.94
2017-12-26 01:00:00,33.42
2017-12-27 01:00:00,33.27
2017-12-28 01:00:00,32.71
2017-12-29 01:00:00,33.26
2018-01-02 01:00:00,33.55
2018-01-03 01:00:00,33.9
2018-01-04 01:00:00,33.87
2018-01-05 01:00:00,33.76
2018-01-08 01:00:00,33.54
2018-01-09 01:00:00,33.7
2018-01-10 01:00:00,33.45
2018-01-11 01:00:00,33.15
2018-01-12 01:00:00,33.13
2018-01-16 01:00:00,32.79
2018-01-17 01:00:00,32.51
2018-01-18 01:00:00,32.23
2018-01-19 01:00:00,32.28
2018-01-22 01:00:00,32.16
2018-01-23 01:00:00,32.52
2018-01-24 01:00:00,32.68
2018-01-25 01:00:00,32.5
2018-01-26 01:00:00,32.79
2018-01-29 01:00:00,32.87
2018-01-30 01:00:00,33.08
2018-01-31 01:00:00,33.07
2018-02-01 01:00:00,32.9
2018-02-02 01:00:00,32.51
2018-02-05 01:00:00,32.5
2018-02-06 01:00:00,33.16
2018-02-07 01:00:00,32.56
2018-02-08 01:00:00,32.21
2018-02-09 01:00:00,31.96
2018-02-12 01:00:00,31.85
2018-02-13 01:00:00,31.57
2018-02-14 01:00:00,31.8
2018-02-15 01:00:00,31.7
2018-02-16 01:00:00,31.54
2018-02-20 01:00:00,32.04
2018-02-21 01:00:00,32.28
2018-02-22 01:00:00,32.25
2018-02-23 01:00:00,32.56
2018-02-26 01:00:00,32.86
2018-02-27 01:00:00,32.4
2018-02-28 01:00:00,32.23
2018-03-01 01:00:00,32.39
2018-03-02 01:00:00,32.3
2018-03-05 01:00:00,32.21
2018-03-06 01:00:00,32.48
2018-03-07 01:00:00,32.1
2018-03-08 01:00:00,31.84
2018-03-09 01:00:00,31.59
2018-03-12 00:00:00,31.75
2018-03-13 00:00:00,32.22
2018-03-14 00:00:00,31.71
2018-03-15 00:00:00,32.06
2018-03-16 00:00:00,31.98
2018-03-19 00:00:00,32.06
2018-03-20 00:00:00,31.74
2018-03-21 00:00:00,32.37
2018-03-22 00:00:00,31.88
2018-03-23 00:00:00,31.42
2018-03-26 00:00:00,31.46
2018-03-27 00:00:00,31.58
2018-03-28 00:00:00,31.62
2018-03-29 00:00:00,31.87
2018-04-02 00:00:00,32.04
2018-04-03 00:00:00,32.34
2018-04-04 00:00:00,31.68
2018-04-05 00:00:00,31.78
2018-04-06 00:00:00,31.53
2018-04-09 00:00:00,31.52
2018-04-10 00:00:00,31.85
2018-04-11 00:00:00,31.53
2018-04-12 00:00:00,31.63
2018-04-13 00:00:00,31.48
2018-04-16 00:00:00,31.18
2018-04-17 00:00:00,31.19
2018-04-18 00:00:00,31.43
2018-04-19 00:00:00,31.41
2018-04-20 00:00:00,31.56
2018-04-23 00:00:00,31.3
2018-04-24 00:00:00,31.27
2018-04-25 00:00:00,31.06
2018-04-26 00:00:00,31.09
2018-04-27 00:00:00,30.73
2018-04-30 00:00:00,30.62
2018-05-01 00:00:00,30.33
2018-05-02 00:00:00,30.6
2018-05-03 00:00:00,30.81
2018-05-04 00:00:00,30.77
2018-05-07 00:00:00,30.87
2018-05-08 00:00:00,30.69
2018-05-09 00:00:00,31.03
2018-05-10 00:00:00,31.13
2018-05-11 00:00:00,31.31
2018-05-14 00:00:00,31.25
2018-05-15 00:00:00,31.12
2018-05-16 00:00:00,30.59
2018-05-17 00:00:00,30.94
2018-05-18 00:00:00,30.98
2018-05-21 00:00:00,31.42
2018-05-22 00:00:00,31.51
2018-05-23 00:00:00,31.7
2018-05-24 00:00:00,31.71
2018-05-25 00:00:00,31.34
2018-05-29 00:00:00,31.21
2018-05-30 00:00:00,31.48
2018-05-31 00:00:00,31.12
2018-06-01 00:00:00,31.19
2018-06-04 00:00:00,30.93
2018-06-05 00:00:00,30.79
2018-06-06 00:00:00,30.65
2018-06-07 00:00:00,30.6
2018-06-08 00:00:00,30.52
2018-06-11 00:00:00,30.58
2018-06-12 00:00:00,30.05
2018-06-13 00:00:00,30.08
2018-06-14 00:00:00,30.14
2018-06-15 00:00:00,29.5
2018-06-18 00:00:00,29.57
2018-06-19 00:00:00,28.85
2018-06-20 00:00:00,30.04
2018-06-21 00:00:00,29.79
2018-06-22 00:00:00,29.93
2018-06-25 00:00:00,29.62
2018-06-26 00:00:00,29.59
2018-06-27 00:00:00,29.68
2018-06-28 00:00:00,29.68
2018-06-29 00:00:00,29.74
2018-07-02 00:00:00,29.39
2018-07-03 00:00:00,29.2
2018-07-05 00:00:00,29.03
2018-07-06 00:00:00,29.46
2018-07-09 00:00:00,29.26
2018-07-10 00:00:00,29.42
2018-07-11 00:00:00,28.82
2018-07-12 00:00:00,28.69
2018-07-13 00:00:00,28.39
2018-07-16 00:00:00,28.09
2018-07-17 00:00:00,28.13
2018-07-18 00:00:00,28.47
2018-07-19 00:00:00,28.21
2018-07-20 00:00:00,28.54
2018-07-23 00:00:00,28.32
2018-07-24 00:00:00,28.58
2018-07-25 00:00:00,28.82
2018-07-26 00:00:00,28.58
2018-07-27 00:00:00,29.02
2018-07-30 00:00:00,28.85
2018-07-31 00:00:00,29.3
2018-08-01 00:00:00,28.95
2018-08-02 00:00:00,28.61
2018-08-03 00:00:00,28.86
2018-08-06 00:00:00,28.8
2018-08-07 00:00:00,29.09
2018-08-08 00:00:00,28.91
2018-08-09 00:00:00,28.88
2018-08-10 00:00:00,28.41
2018-08-13 00:00:00,28.67
2018-08-14 00:00:00,28.61
2018-08-15 00:00:00,28.2
2018-08-16 00:00:00,28.48
2018-08-17 00:00:00,28.56
2018-08-20 00:00:00,28.88
2018-08-21 00:00:00,28.95
2018-08-22 00:00:00,28.56
2018-08-23 00:00:00,28.37
2018-08-24 00:00:00,28.49
2018-08-27 00:00:00,28.76
2018-08-28 00:00:00,28.58
2018-08-29 00:00:00,28.42
2018-08-30 00:00:00,28.67
2018-08-31 00:00:00,28.77
2018-09-04 00:00:00,28.78
2018-09-05 00:00:00,28.56
2018-09-06 00:00:00,28.53
2018-09-07 00:00:00,28.27
2018-09-10 00:00:00,28.36
2018-09-11 00:00:00,28.08
2018-09-12 00:00:00,27.99
2018-09-13 00:00:00,27.79
2018-09-14 00:00:00,27.76
2018-09-17 00:00:00,27.7
2018-09-18 00:00:00,27.37
2018-09-19 00:00:00,27.5
2018-09-20 00:00:00,27.86
2018-09-21 00:00:00,28.34
2018-09-24 00:00:00,28.52
2018-09-25 00:00:00,28.65
2018-09-26 00:00:00,28.79
2018-09-27 00:00:00,29.15
2018-09-28 00:00:00,28.99
2018-10-01 00:00:00,29.31
2018-10-02 00:00:00,29.66
2018-10-03 00:00:00,29.84
2018-10-04 00:00:00,29.61
2018-10-05 00:00:00,29.41
2018-10-08 00:00:00,29.64
2018-10-09 00:00:00,29.26
2018-10-10 00:00:00,28.93
2018-10-11 00:00:00,29.02
2018-10-12 00:00:00,29.39
2018-10-15 00:00:00,29.76
2018-10-16 00:00:00,29.66
2018-10-17 00:00:00,29.56
2018-10-18 00:00:00,29.02
2018-10-19 00:00:00,29.14
2018-10-22 00:00:00,29.15
2018-10-23 00:00:00,28.76
2018-10-24 00:00:00,28.61
2018-10-25 00:00:00,28.39
2018-10-26 00:00:00,28.16
2018-10-29 00:00:00,27.89
2018-10-30 00:00:00,28.0
2018-10-31 00:00:00,28.02
2018-11-01 00:00:00,28.32
2018-11-02 00:00:00,28.2
2018-11-05 01:00:00,27.9
2018-11-06 01:00:00,27.9
2018-11-07 01:00:00,28.2
2018-11-08 01:00:00,28.02
2018-11-09 01:00:00,27.62
2018-11-12 01:00:00,27.71
2018-11-13 01:00:00,27.55
2018-11-14 01:00:00,27.57
2018-11-15 01:00:00,27.69
2018-11-16 01:00:00,27.37
2018-11-19 01:00:00,27.32
2018-11-20 01:00:00,27.34
2018-11-21 01:00:00,27.99
2018-11-23 01:00:00,27.85
2018-11-26 01:00:00,27.19
2018-11-27 01:00:00,27.39
2018-11-28 01:00:00,27.98
2018-11-29 01:00:00,27.91
2018-11-30 01:00:00,28.06
2018-12-03 01:00:00,28.57
2018-12-04 01:00:00,28.9
2018-12-05 01:00:00,28.84
2018-12-06 01:00:00,28.71
2018-12-07 01:00:00,28.74
2018-12-10 01:00:00,28.76
2018-12-11 01:00:00,28.96
2018-12-12 01:00:00,29.04
2018-12-13 01:00:00,28.83
2018-12-14 01:00:00,28.49
2018-12-17 01:00:00,28.17
2018-12-18 01:00:00,28.41
2018-12-19 01:00:00,28.72
2018-12-20 01:00:00,28.48
2018-12-21 01:00:00,28.17
2018-12-24 01:00:00,28.03
2018-12-26 01:00:00,27.65
2018-12-27 01:00:00,27.63
2018-12-28 01:00:00,27.84
2018-12-31 01:00:00,27.85
2019-01-02 01:00:00,28.18
2019-01-03 01:00:00,28.43
2019-01-04 01:00:00,28.64
2019-01-07 01:00:00,28.51
2019-01-08 01:00:00,28.43
2019-01-09 01:00:00,28.6
2019-01-10 01:00:00,28.19
2019-01-11 01:00:00,28.41
2019-01-14 01:00:00,28.4
2019-01-15 01:00:00,28.24
2019-01-16 01:00:00,28.23
2019-01-17 01:00:00,28.77
2019-01-18 01:00:00,29.01
2019-01-22 01:00:00,29.06
2019-01-23 01:00:00,29.38
2019-01-24 01:00:00,29.51
2019-01-25 01:00:00,30.03
2019-01-28 01:00:00,30.3
2019-01-29 01:00:00,30.11
2019-01-30 01:00:00,30.42
2019-01-31 01:00:00,30.17
2019-02-01 01:00:00,29.89
2019-02-04 01:00:00,30.13
2019-02-05 01:00:00,30.38
2019-02-06 01:00:00,30.9
2019-02-07 01:00:00,30.81
2019-02-08 01:00:00,30.87
2019-02-11 01:00:00,30.24
2019-02-12 01:00:00,30.33
2019-02-13 01:00:00,29.99
2019-02-14 01:00:00,29.89
2019-02-15 01:00:00,29.95
2019-02-19 01:00:00,29.74
2019-02-20 01:00:00,30.28
2019-02-21 01:00:00,30.82
2019-02-22 01:00:00,30.85
2019-02-25 01:00:00,30.68
2019-02-26 01:00:00,30.4
2019-02-27 01:00:00,30.12
2019-02-28 01:00:00,30.25
2019-03-01 01:00:00,30.24
2019-03-04 01:00:00,30.08
2019-03-05 01:00:00,30.02
2019-03-06 01:00:00,29.78
2019-03-07 01:00:00,29.67
2019-03-08 01:00:00,29.65
2019-03-11 00:00:00,29.64
2019-03-12 00:00:00,29.99
2019-03-13 00:00:00,29.93
2019-03-14 00:00:00,29.57
2019-03-15 00:00:00,29.43
2019-03-18 00:00:00,29.44
2019-03-19 00:00:00,29.24
2019-03-20 00:00:00,29.27
2019-03-21 00:00:00,29.1
2019-03-22 00:00:00,28.66
2019-03-25 00:00:00,28.82
2019-03-26 00:00:00,28.65
2019-03-27 00:00:00,28.82
2019-03-28 00:00:00,28.63
2019-03-29 00:00:00,28.36
2019-04-01 00:00:00,28.57
2019-04-02 00:00:00,28.96
2019-04-03 00:00:00,28.8
2019-04-04 00:00:00,29.2
2019-04-05 00:00:00,29.15
2019-04-08 00:00:00,28.88
2019-04-09 00:00:00,29.04
2019-04-10 00:00:00,29.07
2019-04-11 00:00:00,28.98
2019-04-12 00:00:00,28.95
2019-04-15 00:00:00,28.81
2019-04-16 00:00:00,28.72
2019-04-17 00:00:00,28.46
2019-04-18 00:00:00,28.8
2019-04-22 00:00:00,29.0
2019-04-23 00:00:00,28.37
2019-04-24 00:00:00,28.22
2019-04-25 00:00:00,27.94
2019-04-26 00:00:00,27.84
2019-04-29 00:00:00,28.19
2019-04-30 00:00:00,27.88
2019-05-01 00:00:00,27.65
2019-05-02 00:00:00,27.5
2019-05-03 00:00:00,27.35
2019-05-06 00:00:00,27.13
2019-05-07 00:00:00,27.1
2019-05-08 00:00:00,27.0
2019-05-09 00:00:00,26.63
2019-05-10 00:00:00,26.79
2019-05-13 00:00:00,26.61
2019-05-14 00:00:00,27.0
2019-05-15 00:00:00,27.24
2019-05-16 00:00:00,27.72
2019-05-17 00:00:00,27.22
2019-05-20 00:00:00,27.5
2019-05-21 00:00:00,27.14
2019-05-22 00:00:00,27.31
2019-05-23 00:00:00,26.78
2019-05-24 00:00:00,27.01
2019-05-28 00:00:00,27.29
2019-05-29 00:00:00,27.73
2019-05-30 00:00:00,27.78
2019-05-31 00:00:00,27.59
2019-06-03 00:00:00,27.34
2019-06-04 00:00:00,27.49
2019-06-05 00:00:00,27.22
2019-06-06 00:00:00,27.76
2019-06-07 00:00:00,27.38
2019-06-10 00:00:00,27.38
2019-06-11 00:00:00,27.22
2019-06-12 00:00:00,27.56
2019-06-13 00:00:00,28.02
2019-06-14 00:00:00,27.61
2019-06-17 00:00:00,28.14
2019-06-18 00:00:00,28.33
2019-06-19 00:00:00,28.98
2019-06-20 00:00:00,29.2
2019-06-21 00:00:00,29.07
2019-06-24 00:00:00,28.96
2019-06-25 00:00:00,28.59
2019-06-26 00:00:00,28.44
2019-06-27 00:00:00,28.41
2019-06-28 00:00:00,28.83
2019-07-01 00:00:00,28.59
2019-07-02 00:00:00,28.26
2019-07-03 00:00:00,28.66
2019-07-05 00:00:00,28.0
2019-07-08 00:00:00,28.48
2019-07-09 00:00:00,28.49
2019-07-10 00:00:00,28.56
2019-07-11 00:00:00,28.65
2019-07-12 00:00:00,28.79
2019-07-15 00:00:00,28.79
2019-07-16 00:00:00,28.46
2019-07-17 00:00:00,28.11
2019-07-18 00:00:00,28.05
2019-07-19 00:00:00,28.56
2019-07-22 00:00:00,28.17
2019-07-23 00:00:00,28.48
2019-07-24 00:00:00,28.8
2019-07-25 00:00:00,28.79
2019-07-26 00:00:00,29.02
2019-07-29 00:00:00,28.97
2019-07-30 00:00:00,28.83
2019-07-31 00:00:00,28.23
2019-08-01 00:00:00,28.16
2019-08-02 00:00:00,28.71
2019-08-05 00:00:00,28.26
2019-08-06 00:00:00,27.93
2019-08-07 00:00:00,28.37
2019-08-08 00:00:00,29.38
2019-08-09 00:00:00,29.95
2019-08-12 00:00:00,30.05
2019-08-13 00:00:00,29.54
2019-08-14 00:00:00,29.55
2019-08-15 00:00:00,29.45
2019-08-16 00:00:00,29.51
2019-08-19 00:00:00,29.04
2019-08-20 00:00:00,28.79
2019-08-21 00:00:00,29.12
2019-08-22 00:00:00,28.9
2019-08-23 00:00:00,28.7
2019-08-26 00:00:00,28.69
2019-08-27 00:00:00,28.35
2019-08-28 00:00:00,28.45
2019-08-29 00:00:00,28.58
2019-08-30 00:00:00,28.81
2019-09-03 00:00:00,29.09
2019-09-04 00:00:00,28.99
2019-09-05 00:00:00,28.64
2019-09-06 00:00:00,28.65
2019-09-09 00:00:00,28.45
2019-09-10 00:00:00,28.53
2019-09-11 00:00:00,28.83
2019-09-12 00:00:00,29.16
2019-09-13 00:00:00,29.43
2019-09-16 00:00:00,30.28
2019-09-17 00:00:00,29.99
2019-09-18 00:00:00,30.0
2019-09-19 00:00:00,29.97
2019-09-20 00:00:00,29.4
2019-09-23 00:00:00,29.31
2019-09-24 00:00:00,29.33
2019-09-25 00:00:00,29.2
2019-09-26 00:00:00,29.17
2019-09-27 00:00:00,28.84
2019-09-30 00:00:00,29.08
2019-10-01 00:00:00,28.88
2019-10-02 00:00:00,29.21
2019-10-03 00:00:00,29.89
2019-10-04 00:00:00,29.86
2019-10-07 00:00:00,30.06
2019-10-08 00:00:00,29.82
2019-10-09 00:00:00,29.71
2019-10-10 00:00:00,29.78
2019-10-11 00:00:00,29.97
2019-10-14 00:00:00,30.0
2019-10-15 00:00:00,30.39
2019-10-16 00:00:00,30.4
2019-10-17 00:00:00,30.39
2019-10-18 00:00:00,30.36
2019-10-21 00:00:00,30.48
2019-10-22 00:00:00,30.85
2019-10-23 00:00:00,30.58
2019-10-24 00:00:00,31.34
2019-10-25 00:00:00,30.96
2019-10-28 00:00:00,30.78
2019-10-29 00:00:00,31.0
2019-10-30 00:00:00,30.98
2019-10-31 00:00:00,30.75
2019-11-01 00:00:00,31.03
2019-11-04 01:00:00,31.87
2019-11-05 01:00:00,31.57
2019-11-06 01:00:00,31.75
2019-11-07 01:00:00,31.43
2019-11-08 01:00:00,31.5
2019-11-11 01:00:00,31.42
2019-11-12 01:00:00,31.03
2019-11-13 01:00:00,30.53
2019-11-14 01:00:00,30.78
2019-11-15 01:00:00,30.43
2019-11-18 01:00:00,30.64
2019-11-19 01:00:00,30.96
2019-11-20 01:00:00,31.41
2019-11-21 01:00:00,30.88
2019-11-22 01:00:00,31.06
2019-11-25 01:00:00,30.59
2019-11-26 01:00:00,30.4
2019-11-27 01:00:00,30.5
2019-11-29 01:00:00,30.58
2019-12-02 01:00:00,30.16
2019-12-03 01:00:00,30.19
2019-12-04 01:00:00,30.47
2019-12-05 01:00:00,30.5
2019-12-06 01:00:00,31.22
2019-12-09 01:00:00,31.59
2019-12-10 01:00:00,31.68
2019-12-11 01:00:00,31.44
2019-12-12 01:00:00,32.23
2019-12-13 01:00:00,32.6
2019-12-16 01:00:00,33.14
2019-12-17 01:00:00,33.82
2019-12-18 01:00:00,33.43
2019-12-19 01:00:00,34.07
2019-12-20 01:00:00,34.06
2019-12-23 01:00:00,34.05
2019-12-24 01:00:00,34.16
2019-12-26 01:00:00,34.67
2019-12-27 01:00:00,35.04
2019-12-30 01:00:00,35.45
2019-12-31 01:00:00,34.77
2020-01-02 01:00:00,35.24
2020-01-03 01:00:00,35.08
2020-01-06 01:00:00,34.52
2020-01-07 01:00:00,34.74
2020-01-08 01:00:00,34.56
2020-01-09 01:00:00,34.64
2020-01-10 01:00:00,34.35
2020-01-13 01:00:00,33.95
2020-01-14 01:00:00,34.07
2020-01-15 01:00:00,33.3
2020-01-16 01:00:00,33.03
2020-01-17 01:00:00,33.35
2020-01-21 01:00:00,32.75
2020-01-22 01:00:00,33.02
2020-01-23 01:00:00,32.48
2020-01-24 01:00:00,32.02
2020-01-27 01:00:00,31.52
2020-01-28 01:00:00,31.46
2020-01-29 01:00:00,31.52
2020-01-30 01:00:00,30.63
2020-01-31 01:00:00,29.94
2020-02-03 01:00:00,30.29
2020-02-04 01:00:00,30.73
2020-02-05 01:00:00,31.32
2020-02-06 01:00:00,31.24
2020-02-07 01:00:00,30.97
2020-02-10 01:00:00,30.62
2020-02-11 01:00:00,30.72
2020-02-12 01:00:00,31.03
2020-02-13 01:00:00,30.72
2020-02-14 01:00:00,30.57
2020-02-18 01:00:00,30.48
2020-02-19 01:00:00,30.34
2020-02-20 01:00:00,30.47
2020-02-21 01:00:00,31.01
2020-02-24 01:00:00,29.87
2020-02-25 01:00:00,29.62
2020-02-26 01:00:00,29.45
2020-02-27 01:00:00,29.19
2020-02-28 01:00:00,28.68
2020-03-02 01:00:00,28.91
2020-03-03 01:00:00,29.16
2020-03-04 01:00:00,29.74
2020-03-05 01:00:00,29.39
2020-03-06 01:00:00,28.75
2020-03-09 00:00:00,27.54
2020-03-10 00:00:00,27.67
2020-03-11 00:00:00,27.53
2020-03-12 00:00:00,26.38
2020-03-13 00:00:00,26.37
2020-03-16 00:00:00,24.99
2020-03-17 00:00:00,25.24
2020-03-18 00:00:00,25.04
2020-03-19 00:00:00,25.48
2020-03-20 00:00:00,25.64
2020-03-23 00:00:00,26.14
2020-03-24 00:00:00,26.55
2020-03-25 00:00:00,26.64
2020-03-26 00:00:00,26.5
2020-03-27 00:00:00,26.85
2020-03-30 00:00:00,26.87
2020-03-31 00:00:00,27.01
2020-04-01 00:00:00,26.05
2020-04-02 00:00:00,26.24
2020-04-03 00:00:00,26.43
2020-04-06 00:00:00,26.83
2020-04-07 00:00:00,27.48
2020-04-08 00:00:00,27.18
2020-04-09 00:00:00,27.41
2020-04-13 00:00:00,26.9
2020-04-14 00:00:00,26.74
2020-04-15 00:00:00,26.55
2020-04-16 00:00:00,26.3
2020-04-17 00:00:00,26.29
2020-04-20 00:00:00,25.98
2020-04-21 00:00:00,25.35
2020-04-22 00:00:00,25.99
2020-04-23 00:00:00,26.04
2020-04-24 00:00:00,25.5
2020-04-27 00:00:00,25.47
2020-04-28 00:00:00,25.77
2020-04-29 00:00:00,26.17
2020-04-30 00:00:00,26.6
2020-05-01 00:00:00,26.5
2020-05-04 00:00:00,26.15
2020-05-05 00:00:00,26.31
2020-05-06 00:00:00,25.84
2020-05-07 00:00:00,26.26
2020-05-08 00:00:00,26.54
2020-05-11 00:00:00,26.49
2020-05-12 00:00:00,26.26
2020-05-13 00:00:00,25.91
2020-05-14 00:00:00,26.18
2020-05-15 00:00:00,26.58
2020-05-18 00:00:00,27.32
2020-05-19 00:00:00,27.09
2020-05-20 00:00:00,27.36
2020-05-21 00:00:00,27.11
2020-05-22 00:00:00,26.64
2020-05-26 00:00:00,27.27
2020-05-27 00:00:00,27.6
2020-05-28 00:00:00,27.39
2020-05-29 00:00:00,27.38
2020-06-01 00:00:00,27.6
2020-06-02 00:00:00,27.94
2020-06-03 00:00:00,27.86
2020-06-04 00:00:00,27.82
2020-06-05 00:00:00,28.14
2020-06-08 00:00:00,28.1
2020-06-09 00:00:00,28.23
2020-06-10 00:00:00,28.0
2020-06-11 00:00:00,27.5
2020-06-12 00:00:00,27.5
2020-06-15 00:00:00,27.74
2020-06-16 00:00:00,27.99
2020-06-17 00:00:00,28.1
2020-06-18 00:00:00,28.06
2020-06-19 00:00:00,29.31
2020-06-22 00:00:00,29.22
2020-06-23 00:00:00,29.04
2020-06-24 00:00:00,28.5
2020-06-25 00:00:00,28.42
2020-06-26 00:00:00,28.08
2020-06-29 00:00:00,28.46
2020-06-30 00:00:00,28.81
2020-07-01 00:00:00,29.01
2020-07-02 00:00:00,28.75
2020-07-06 00:00:00,29.23
2020-07-07 00:00:00,29.56
2020-07-08 00:00:00,29.21
2020-07-09 00:00:00,28.92
2020-07-10 00:00:00,28.84
2020-07-13 00:00:00,28.7
2020-07-14 00:00:00,29.09
2020-07-15 00:00:00,29.37
2020-07-16 00:00:00,29.84
2020-07-17 00:00:00,30.54
2020-07-20 00:00:00,30.53
2020-07-21 00:00:00,30.68
2020-07-22 00:00:00,30.52
2020-07-23 00:00:00,30.36
2020-07-24 00:00:00,30.37
2020-07-27 00:00:00,30.14
2020-07-28 00:00:00,29.92
2020-07-29 00:00:00,30.06
2020-07-30 00:00:00,30.16
2020-07-31 00:00:00,30.76
2020-08-03 00:00:00,31.32
2020-08-04 00:00:00,31.05
2020-08-05 00:00:00,31.13
2020-08-06 00:00:00,31.28
2020-08-07 00:00:00,30.75
2020-08-10 00:00:00,30.75
2020-08-11 00:00:00,30.51
2020-08-12 00:00:00,31.55
2020-08-13 00:00:00,31.19
2020-08-14 00:00:00,31.09
2020-08-17 00:00:00,31.53
2020-08-18 00:00:00,31.9
2020-08-19 00:00:00,31.97
2020-08-20 00:00:00,31.52
2020-08-21 00:00:00,31.67
2020-08-24 00:00:00,31.95
2020-08-25 00:00:00,32.28
2020-08-26 00:00:00,32.53
2020-08-27 00:00:00,33.5
2020-08-28 00:00:00,33.24
2020-08-31 00:00:00,32.86
2020-09-01 00:00:00,32.88
2020-09-02 00:00:00,33.53
2020-09-03 00:00:00,33.29
2020-09-04 00:00:00,32.89
2020-09-08 00:00:00,33.4
2020-09-09 00:00:00,33.21
2020-09-10 00:00:00,33.2
2020-09-11 00:00:00,33.71
2020-09-14 00:00:00,34.29
2020-09-15 00:00:00,34.15
2020-09-16 00:00:00,34.91
2020-09-17 00:00:00,34.86
2020-09-18 00:00:00,35.14
2020-09-21 00:00:00,34.2
2020-09-22 00:00:00,33.6
2020-09-23 00:00:00,32.8
2020-09-24 00:00:00,32.41
2020-09-25 00:00:00,32.82
2020-09-28 00:00:00,33.11
2020-09-29 00:00:00,32.69
2020-09-30 00:00:00,33.13
2020-10-01 00:00:00,32.42
2020-10-02 00:00:00,31.66
2020-10-05 00:00:00,32.56
2020-10-06 00:00:00,33.09
2020-10-07 00:00:00,33.03
2020-10-08 00:00:00,33.0
2020-10-09 00:00:00,34.01
2020-10-12 00:00:00,33.16
2020-10-13 00:00:00,33.62
2020-10-14 00:00:00,33.88
2020-10-15 00:00:00,33.17
2020-10-16 00:00:00,32.99
2020-10-19 00:00:00,32.53
2020-10-20 00:00:00,33.31
2020-10-21 00:00:00,33.2
2020-10-22 00:00:00,33.69
2020-10-23 00:00:00,34.11
2020-10-26 00:00:00,34.46
2020-10-27 00:00:00,34.11
2020-10-28 00:00:00,33.42
2020-10-29 00:00:00,33.06
2020-10-30 00:00:00,33.61
2020-11-02 01:00:00,33.19
2020-11-03 01:00:00,33.78
2020-11-04 01:00:00,34.39
2020-11-05 01:00:00,35.47
2020-11-06 01:00:00,35.34
2020-11-09 01:00:00,35.48
2020-11-10 01:00:00,36.06
2020-11-11 01:00:00,37.13
2020-11-12 01:00:00,37.05
2020-11-13 01:00:00,37.13
2020-11-16 01:00:00,37.43
2020-11-17 01:00:00,37.5
2020-11-18 01:00:00,38.46
2020-11-19 01:00:00,38.51
2020-11-20 01:00:00,38.34
2020-11-23 01:00:00,38.34
2020-11-24 01:00:00,37.72
2020-11-25 01:00:00,37.86
2020-11-27 01:00:00,38.43
2020-11-30 01:00:00,37.49
2020-12-01 01:00:00,37.01
2020-12-02 01:00:00,36.92
2020-12-03 01:00:00,37.73
2020-12-04 01:00:00,38.41
2020-12-07 01:00:00,38.03
2020-12-08 01:00:00,37.44
2020-12-09 01:00:00,37.86
2020-12-10 01:00:00,38.06
2020-12-11 01:00:00,38.24
2020-12-14 01:00:00,38.73
2020-12-15 01:00:00,39.19
2020-12-16 01:00:00,39.05
2020-12-17 01:00:00,39.93
2020-12-18 01:00:00,40.07
2020-12-21 01:00:00,39.55
2020-12-22 01:00:00,39.96
2020-12-23 01:00:00,40.61
2020-12-24 01:00:00,41.13
2020-12-28 01:00:00,41.05
2020-12-29 01:00:00,41.75
2020-12-30 01:00:00,41.86
2020-12-31 01:00:00,42.4
2021-01-04 01:00:00,42.13
2021-01-05 01:00:00,43.6
2021-01-06 01:00:00,43.84
2021-01-07 01:00:00,43.79
2021-01-08 01:00:00,43.59
2021-01-11 01:00:00,42.63
2021-01-12 01:00:00,42.63
2021-01-13 01:00:00,42.18
2021-01-14 01:00:00,43.11
2021-01-15 01:00:00,41.85
2021-01-18 01:00:00,41.7
2021-01-20 01:00:00,42.54
2021-01-21 01:00:00,43.43
2021-01-22 01:00:00,42.27
2021-01-25 01:00:00,42.94
2021-01-26 01:00:00,43.91
2021-01-27 01:00:00,44.52
2021-01-28 01:00:00,44.65
2021-01-29 01:00:00,44.62
2021-02-01 01:00:00,44.97
2021-02-02 01:00:00,44.32
2021-02-03 01:00:00,44.48
2021-02-04 01:00:00,44.94
2021-02-05 01:00:00,44.66
2021-02-08 01:00:00,45.63
2021-02-09 01:00:00,46.52
2021-02-10 01:00:00,45.69
2021-02-11 01:00:00,45.63
2021-02-12 01:00:00,46.04
2021-02-15 01:00:00,47.27
2021-02-17 01:00:00,46.77
2021-02-18 01:00:00,46.25
2021-02-19 01:00:00,46.89
2021-02-22 01:00:00,47.22
2021-02-23 01:00:00,48.37
2021-02-24 01:00:00,50.03
2021-02-25 01:00:00,49.67
2021-02-26 01:00:00,49.94
2021-03-01 01:00:00,49.23
2021-03-02 01:00:00,49.66
2021-03-03 01:00:00,49.78
2021-03-04 01:00:00,50.71
2021-03-05 01:00:00,51.8
2021-03-08 01:00:00,52.46
2021-03-09 01:00:00,53.55
2021-03-10 01:00:00,53.51
2021-03-11 01:00:00,54.61
2021-03-12 01:00:00,55.36
2021-03-15 00:00:00,55.09
2021-03-16 00:00:00,55.09
2021-03-17 00:00:00,54.6
2021-03-18 00:00:00,53.52
2021-03-19 00:00:00,53.87
2021-03-22 00:00:00,56.37
2021-03-23 00:00:00,57.02
2021-03-24 00:00:00,57.48
2021-03-25 00:00:00,54.98
2021-03-26 00:00:00,52.48
2021-03-29 00:00:00,52.96
2021-03-30 00:00:00,50.46
2021-03-31 00:00:00,52.92
2021-04-01 00:00:00,52.13
2021-04-02 00:00:00,52.81
2021-04-06 00:00:00,53.92
2021-04-07 00:00:00,52.85
2021-04-08 00:00:00,53.38
2021-04-09 00:00:00,52.85
2021-04-12 00:00:00,51.45
2021-04-13 00:00:00,53.03
2021-04-14 00:00:00,54.24
2021-04-15 00:00:00,54.89
2021-04-16 00:00:00,56.33
2021-04-19 00:00:00,56.27
2021-04-20 00:00:00,58.32
2021-04-21 00:00:00,60.19
2021-04-22 00:00:00,58.95
2021-04-23 00:00:00,58.78
2021-04-26 00:00:00,60.89
2021-04-27 00:00:00,60.88
2021-04-28 00:00:00,61.16
2021-04-29 00:00:00,59.89
2021-04-30 00:00:00,62.39
2021-05-03 00:00:00,63.06
2021-05-04 00:00:00,63.58
2021-05-05 00:00:00,63.46
2021-05-06 00:00:00,64.35
2021-05-07 00:00:00,64.48
2021-05-10 00:00:00,63.84
2021-05-11 00:00:00,64.8
2021-05-12 00:00:00,66.4
2021-05-13 00:00:00,65.78
2021-05-14 00:00:00,67.58
2021-05-17 00:00:00,68.97
2021-05-18 00:00:00,68.67
2021-05-19 00:00:00,66.47
2021-05-20 00:00:00,65.76
2021-05-21 00:00:00,65.49
2021-05-24 00:00:00,65.13
2021-05-25 00:00:00,66.69
2021-05-26 00:00:00,65.68
2021-05-27 00:00:00,66.81
2021-05-28 00:00:00,65.79
2021-05-30 21:00:00,67.39
2021-06-02 00:00:00,70.38
2021-06-03 00:00:00,68.85
2021-06-04 00:00:00,71.34
2021-06-07 00:00:00,70.83
2021-06-08 00:00:00,72.08
2021-06-09 00:00:00,71.59
2021-06-10 00:00:00,70.46
2021-06-11 00:00:00,66.98
2021-06-14 00:00:00,65.96
2021-06-15 00:00:00,65.57
2021-06-16 00:00:00,62.07
2021-06-17 00:00:00,56.57
2021-06-18 00:00:00,58.12
2021-06-21 00:00:00,57.93
2021-06-22 00:00:00,57.99
2021-06-23 00:00:00,59.54
2021-06-24 00:00:00,60.16
2021-06-25 00:00:00,57.24
2021-06-28 00:00:00,60.03
2021-06-29 00:00:00,61.29
2021-06-30 00:00:00,62.76
2021-07-01 00:00:00,61.49
2021-07-02 00:00:00,62.28
2021-07-06 13:30:00,58.78
2021-07-07 00:00:00,59.69
2021-07-08 00:00:00,59.18
2021-07-09 00:00:00,60.94
2021-07-12 00:00:00,62.36
2021-07-13 00:00:00,63.48
2021-07-14 00:00:00,63.75
2021-07-15 00:00:00,64.49
2021-07-16 00:00:00,65.22
2021-07-19 00:00:00,63.08
2021-07-20 00:00:00,63.93
2021-07-21 00:00:00,62.78
2021-07-22 00:00:00,61.96
2021-07-23 00:00:00,63.23
2021-07-26 00:00:00,64.07
2021-07-27 00:00:00,62.91
2021-07-28 00:00:00,63.4
2021-07-29 00:00:00,64.71
2021-07-30 00:00:00,63.04
2021-08-02 00:00:00,62.59
2021-08-03 00:00:00,61.8
2021-08-04 00:00:00,61.54
2021-08-05 00:00:00,60.86
2021-08-06 00:00:00,61.27
2021-08-09 00:00:00,59.94
2021-08-10 00:00:00,60.62
2021-08-11 00:00:00,61.6
2021-08-12 00:00:00,61.58
2021-08-13 00:00:00,63.28
2021-08-16 00:00:00,62.94
2021-08-17 00:00:00,62.12
2021-08-18 00:00:00,61.48
2021-08-19 00:00:00,59.92
2021-08-20 00:00:00,56.65
2021-08-23 00:00:00,58.56
2021-08-24 00:00:00,60.55
2021-08-25 00:00:00,61.24
2021-08-26 00:00:00,60.03
2021-08-27 00:00:00,60.34
2021-08-30 00:00:00,59.61
2021-08-31 00:00:00,58.75
2021-09-01 00:00:00,57.94
2021-09-02 00:00:00,58.79
2021-09-03 00:00:00,59.0
2021-09-05 21:00:00,57.76
2021-09-08 00:00:00,57.49
2021-09-09 00:00:00,56.19
2021-09-10 00:00:00,55.99
2021-09-13 00:00:00,55.99
2021-09-14 00:00:00,56.87
2021-09-15 00:00:00,58.37
2021-09-16 00:00:00,56.84
2021-09-17 00:00:00,56.26
2021-09-20 00:00:00,54.87
2021-09-21 00:00:00,55.29
2021-09-22 00:00:00,56.35
2021-09-23 00:00:00,57.02
2021-09-24 00:00:00,57.87
2021-09-27 00:00:00,58.11
2021-09-28 00:00:00,57.46
2021-09-29 00:00:00,57.83
2021-09-30 00:00:00,58.69
2021-10-01 00:00:00,58.82
2021-10-04 00:00:00,58.83
2021-10-05 00:00:00,61.14
2021-10-06 00:00:00,60.34
2021-10-07 00:00:00,62.06
2021-10-08 00:00:00,61.51
2021-10-11 00:00:00,60.51
2021-10-12 00:00:00,58.85
2021-10-13 00:00:00,59.59
2021-10-14 00:00:00,60.44
2021-10-15 00:00:00,61.29
2021-10-18 00:00:00,62.02
2021-10-19 00:00:00,62.39
2021-10-20 00:00:00,64.7
2021-10-21 00:00:00,62.58
2021-10-22 00:00:00,62.09
2021-10-25 00:00:00,63.14
2021-10-26 00:00:00,62.31
2021-10-27 00:00:00,61.42
2021-10-28 00:00:00,60.87
2021-10-29 00:00:00,61.27
2021-11-01 00:00:00,61.97
2021-11-02 00:00:00,61.99
2021-11-03 00:00:00,61.03
2021-11-04 00:00:00,59.58
2021-11-05 00:00:00,58.78
2021-11-08 01:00:00,58.05
2021-11-09 01:00:00,58.47
2021-11-10 01:00:00,59.14
2021-11-11 01:00:00,59.14
2021-11-12 01:00:00,58.97
2021-11-15 01:00:00,58.2
2021-11-16 01:00:00,59.17
2021-11-17 01:00:00,59.23
2021-11-18 01:00:00,59.17
2021-11-19 01:00:00,58.06
2021-11-22 01:00:00,59.35
2021-11-23 01:00:00,60.08
2021-11-24 01:00:00,60.7
2021-11-26 14:30:00,58.88
2021-11-29 01:00:00,58.28
2021-11-30 01:00:00,55.21
2021-12-01 01:00:00,55.18
2021-12-02 01:00:00,56.34
2021-12-03 01:00:00,57.22
2021-12-06 01:00:00,57.86
2021-12-07 01:00:00,57.1
2021-12-08 01:00:00,55.55
2021-12-09 01:00:00,54.85
2021-12-10 01:00:00,53.69
2021-12-13 01:00:00,53.35
2021-12-14 01:00:00,52.24
2021-12-15 01:00:00,53.47
2021-12-16 01:00:00,54.65
2021-12-17 01:00:00,53.88
2021-12-20 01:00:00,52.94
2021-12-21 01:00:00,53.9
2021-12-22 01:00:00,54.84
2021-12-23 01:00:00,55.42
2021-12-27 01:00:00,56.85
2021-12-28 01:00:00,56.67
2021-12-29 01:00:00,56.91
2021-12-30 01:00:00,56.08
2021-12-31 01:00:00,56.53
2022-01-03 01:00:00,56.42
2022-01-04 01:00:00,58.33
2022-01-05 01:00:00,59.44
2022-01-06 01:00:00,58.9
2022-01-07 01:00:00,58.78
2022-01-10 01:00:00,58.03
2022-01-11 01:00:00,58.87
2022-01-12 01:00:00,59.37
2022-01-13 01:00:00,58.44
2022-01-14 01:00:00,58.46
2022-01-17 01:00:00,59.08
2022-01-19 01:00:00,60.76
2022-01-20 01:00:00,62.88
2022-01-21 01:00:00,63.0
2022-01-24 01:00:00,61.97
2022-01-25 01:00:00,62.51
2022-01-26 01:00:00,63.93
2022-01-27 01:00:00,64.34
2022-01-28 01:00:00,65.27
2022-01-31 01:00:00,64.82
2022-02-01 01:00:00,65.83
2022-02-02 01:00:00,65.98
2022-02-03 01:00:00,65.75
2022-02-04 01:00:00,65.36
2022-02-07 01:00:00,65.34
2022-02-08 01:00:00,63.35
2022-02-09 01:00:00,64.1
2022-02-10 01:00:00,64.51
2022-02-11 01:00:00,65.72
2022-02-14 01:00:00,65.81
2022-02-15 01:00:00,65.63
2022-02-16 01:00:00,66.97
2022-02-17 01:00:00,66.88
2022-02-18 01:00:00,67.61
2022-02-21 01:00:00,70.06
2022-02-23 01:00:00,70.58
2022-02-24 01:00:00,71.97
2022-02-25 01:00:00,68.93
2022-02-28 01:00:00,72.52
2022-03-01 01:00:00,76.21
2022-03-02 01:00:00,75.87
2022-03-03 01:00:00,74.81
2022-03-04 01:00:00,72.8
2022-03-07 01:00:00,74.22
2022-03-08 01:00:00,75.75
2022-03-09 01:00:00,74.15
2022-03-10 01:00:00,74.68
2022-03-11 01:00:00,76.03
2022-03-14 00:00:00,73.95
2022-03-15 00:00:00,73.68
2022-03-16 00:00:00,73.55
2022-03-17 00:00:00,74.63
2022-03-18 00:00:00,72.29
2022-03-21 00:00:00,73.71
2022-03-22 00:00:00,74.54
2022-03-23 00:00:00,75.97
2022-03-24 00:00:00,74.29
2022-03-25 00:00:00,74.75
2022-03-28 00:00:00,72.45
2022-03-29 00:00:00,71.66
2022-03-30 00:00:00,72.22
2022-03-31 00:00:00,69.94
2022-04-01 00:00:00,71.2
2022-04-04 00:00:00,72.34
2022-04-05 00:00:00,72.41
2022-04-06 00:00:00,71.83
2022-04-07 00:00:00,73.02
2022-04-08 00:00:00,75.12
2022-04-11 00:00:00,74.3
2022-04-12 00:00:00,75.43
2022-04-13 00:00:00,78.11
2022-04-14 00:00:00,78.91
2022-04-18 00:00:00,79.99
2022-04-19 00:00:00,80.21
2022-04-20 00:00:00,80.81
2022-04-21 00:00:00,79.64
2022-04-22 00:00:00,80.51
2022-04-25 00:00:00,80.08
2022-04-26 00:00:00,82.44
2022-04-27 00:00:00,84.72
2022-04-28 00:00:00,86.6
2022-04-29 00:00:00,84.18
2022-05-02 00:00:00,80.09
2022-05-03 00:00:00,80.28
2022-05-04 00:00:00,82.43
2022-05-05 00:00:00,81.85
2022-05-06 00:00:00,80.9
2022-05-09 00:00:00,79.74
2022-05-10 00:00:00,81.04
2022-05-11 00:00:00,83.45
2022-05-12 00:00:00,82.52
2022-05-13 00:00:00,83.79
2022-05-16 00:00:00,82.99
2022-05-17 00:00:00,83.49
2022-05-18 00:00:00,80.55
2022-05-19 00:00:00,79.53
2022-05-20 00:00:00,80.93
2022-05-23 00:00:00,80.47
2022-05-24 00:00:00,80.12
2022-05-25 00:00:00,78.92
2022-05-26 00:00:00,80.52
2022-05-27 00:00:00,79.57
2022-05-30 00:00:00,77.92
2022-06-01 00:00:00,78.11
2022-06-02 00:00:00,81.44
2022-06-03 00:00:00,81.85
2022-06-06 00:00:00,81.19
2022-06-07 00:00:00,81.44
2022-06-08 00:00:00,82.94
2022-06-09 00:00:00,82.63
2022-06-10 00:00:00,80.81
2022-06-13 00:00:00,79.51
2022-06-14 00:00:00,78.28
2022-06-15 00:00:00,77.67
2022-06-16 00:00:00,76.34
2022-06-17 00:00:00,73.79
2022-06-20 00:00:00,70.37
2022-06-22 00:00:00,67.47
2022-06-23 00:00:00,63.89
2022-06-24 00:00:00,64.95
2022-06-27 00:00:00,65.68
2022-06-28 00:00:00,66.76
2022-06-29 00:00:00,66.98
2022-06-30 00:00:00,64.46
2022-07-01 00:00:00,62.38
2022-07-05 13:30:00,57.42
2022-07-06 00:00:00,56.64
2022-07-07 00:00:00,59.59
2022-07-08 00:00:00,60.49
2022-07-11 00:00:00,61.31
2022-07-12 00:00:00,57.92
2022-07-13 00:00:00,56.71
2022-07-14 00:00:00,55.78
2022-07-15 00:00:00,58.23
2022-07-18 00:00:00,60.88
2022-07-19 00:00:00,59.52
2022-07-20 00:00:00,57.6
2022-07-21 00:00:00,56.06
2022-07-22 00:00:00,57.87
2022-07-25 00:00:00,57.55
2022-07-26 00:00:00,57.95
2022-07-27 00:00:00,59.19
2022-07-28 00:00:00,63.25
2022-07-29 00:00:00,65.66
2022-08-01 00:00:00,63.26
2022-08-02 00:00:00,61.39
2022-08-03 00:00:00,61.0
2022-08-04 00:00:00,61.42
2022-08-05 00:00:00,63.97
2022-08-08 00:00:00,64.32
2022-08-09 00:00:00,64.62
2022-08-10 00:00:00,65.99
2022-08-11 00:00:00,67.62
2022-08-12 00:00:00,67.97
2022-08-15 00:00:00,66.99
2022-08-16 00:00:00,66.06
2022-08-17 00:00:00,65.6
2022-08-18 00:00:00,64.27
2022-08-19 00:00:00,65.7
2022-08-22 00:00:00,66.35
2022-08-23 00:00:00,66.92
2022-08-24 00:00:00,65.98
2022-08-25 00:00:00,65.91
2022-08-26 00:00:00,66.88
2022-08-29 00:00:00,66.44
2022-08-30 00:00:00,66.35
2022-08-31 00:00:00,67.48
2022-09-01 00:00:00,63.59
2022-09-02 00:00:00,66.25
2022-09-05 00:00:00,63.28
2022-09-07 00:00:00,62.1
2022-09-08 00:00:00,63.23
2022-09-09 00:00:00,64.82
2022-09-12 00:00:00,66.49
2022-09-13 00:00:00,66.73
2022-09-14 00:00:00,64.87
2022-09-15 00:00:00,64.3
2022-09-16 00:00:00,65.96
2022-09-19 00:00:00,65.16
2022-09-20 00:00:00,65.91
2022-09-21 00:00:00,65.0
2022-09-22 00:00:00,66.46
2022-09-23 00:00:00,63.68
2022-09-26 00:00:00,62.46
2022-09-27 00:00:00,62.39
2022-09-28 00:00:00,62.15
2022-09-29 00:00:00,63.86
2022-09-30 00:00:00,61.56
2022-10-03 00:00:00,63.34
2022-10-04 00:00:00,65.02
2022-10-05 00:00:00,65.54
2022-10-06 00:00:00,66.02
2022-10-07 00:00:00,66.6
2022-10-10 00:00:00,66.06
2022-10-11 00:00:00,65.47
2022-10-12 00:00:00,65.59
2022-10-13 00:00:00,66.43
2022-10-14 00:00:00,65.3
2022-10-17 00:00:00,66.84
2022-10-18 00:00:00,68.74
2022-10-19 00:00:00,70.64
2022-10-20 00:00:00,70.42
2022-10-21 00:00:00,71.5
2022-10-24 00:00:00,71.87
2022-10-25 00:00:00,72.28
2022-10-26 00:00:00,73.42
2022-10-27 00:00:00,72.3
2022-10-28 00:00:00,71.79
2022-10-31 00:00:00,73.21
2022-11-01 00:00:00,73.37
2022-11-02 00:00:00,75.61
2022-11-03 00:00:00,75.29
2022-11-04 00:00:00,77.17
2022-11-07 01:00:00,76.33
2022-11-08 01:00:00,75.03
2022-11-09 01:00:00,75.54
2022-11-10 01:00:00,76.09
2022-11-11 01:00:00,76.97
2022-11-14 01:00:00,76.28
2022-11-15 01:00:00,76.98
2022-11-16 01:00:00,74.08
2022-11-17 01:00:00,72.13
2022-11-18 01:00:00,72.74
2022-11-21 01:00:00,70.73
2022-11-22 01:00:00,71.44
2022-11-23 01:00:00,72.2
2022-11-24 01:00:00,71.71
2022-11-28 01:00:00,73.12
2022-11-29 01:00:00,72.98
2022-11-30 01:00:00,71.88
2022-12-01 01:00:00,67.38
2022-12-02 01:00:00,65.22
2022-12-05 01:00:00,62.57
2022-12-06 01:00:00,61.62
2022-12-07 01:00:00,60.96
2022-12-08 01:00:00,61.31
2022-12-09 01:00:00,60.01
2022-12-12 01:00:00,62.2
2022-12-13 01:00:00,64.12
2022-12-14 01:00:00,63.55
2022-12-15 01:00:00,63.82
2022-12-16 01:00:00,63.36
2022-12-19 01:00:00,64.41
2022-12-20 01:00:00,64.81
2022-12-21 01:00:00,64.83
2022-12-22 01:00:00,64.01
2022-12-23 01:00:00,64.65
2022-12-27 01:00:00,66.39
2022-12-28 01:00:00,64.97
2022-12-29 01:00:00,66.36
2022-12-30 01:00:00,64.07
2023-01-03 01:00:00,63.2
2023-01-04 01:00:00,62.85
2023-01-05 01:00:00,62.42
2023-01-06 01:00:00,63.17
2023-01-09 01:00:00,63.35
2023-01-10 01:00:00,62.57
2023-01-11 01:00:00,62.11
2023-01-12 01:00:00,63.25
2023-01-13 01:00:00,63.06
2023-01-15 22:00:00,63.84
2023-01-18 01:00:00,64.12
2023-01-19 01:00:00,63.15
2023-01-20 01:00:00,61.97
2023-01-23 01:00:00,62.04
2023-01-24 01:00:00,60.98
2023-01-25 01:00:00,60.54
2023-01-26 01:00:00,60.79
2023-01-27 01:00:00,60.62
2023-01-30 01:00:00,61.32
2023-01-31 01:00:00,62.33
2023-02-01 01:00:00,60.79
2023-02-02 01:00:00,60.94
2023-02-03 01:00:00,59.06
2023-02-06 01:00:00,59.31
2023-02-07 01:00:00,60.89
2023-02-08 01:00:00,60.58
2023-02-09 01:00:00,59.04
2023-02-10 01:00:00,60.54
2023-02-13 01:00:00,60.14
2023-02-14 01:00:00,60.4
2023-02-15 01:00:00,61.24
2023-02-16 01:00:00,61.9
2023-02-17 01:00:00,61.75
2023-02-19 22:00:00,62.95
2023-02-22 01:00:00,63.05
2023-02-23 01:00:00,62.18
2023-02-24 01:00:00,61.22
2023-02-27 01:00:00,60.34
2023-02-28 01:00:00,60.04
2023-03-01 01:00:00,60.83
2023-03-02 01:00:00,61.9
2023-03-03 01:00:00,61.19
2023-03-06 01:00:00,60.45
2023-03-07 01:00:00,58.66
2023-03-08 01:00:00,59.08
2023-03-09 01:00:00,57.06
2023-03-10 01:00:00,56.61
2023-03-13 00:00:00,55.86
2023-03-14 00:00:00,56.18
2023-03-15 00:00:00,56.34
2023-03-16 00:00:00,57.73
2023-03-17 00:00:00,57.46
2023-03-20 00:00:00,57.99
2023-03-21 00:00:00,56.24
2023-03-22 00:00:00,54.64
2023-03-23 00:00:00,52.17
2023-03-24 00:00:00,53.27
2023-03-27 00:00:00,54.55
2023-03-28 00:00:00,55.05
2023-03-29 00:00:00,55.38
2023-03-30 00:00:00,54.37
2023-03-31 00:00:00,55.49
2023-04-03 00:00:00,56.68
2023-04-04 00:00:00,55.74
2023-04-05 00:00:00,55.22
2023-04-06 00:00:00,54.53
2023-04-10 00:00:00,54.48
2023-04-11 00:00:00,54.89
2023-04-12 00:00:00,54.0
2023-04-13 00:00:00,53.72
2023-04-14 00:00:00,53.66
2023-04-17 00:00:00,54.57
2023-04-18 00:00:00,55.36
2023-04-19 00:00:00,55.02
2023-04-20 00:00:00,54.61
2023-04-21 00:00:00,53.57
2023-04-24 00:00:00,52.76
2023-04-25 00:00:00,52.14
2023-04-26 00:00:00,52.5
2023-04-27 00:00:00,50.83
2023-04-28 00:00:00,51.67
2023-05-01 00:00:00,51.81
2023-05-02 00:00:00,51.79
2023-05-03 00:00:00,52.64
2023-05-04 00:00:00,52.48
2023-05-05 00:00:00,54.33
2023-05-08 00:00:00,53.65
2023-05-09 00:00:00,53.04
2023-05-10 00:00:00,52.05
2023-05-11 00:00:00,51.15
2023-05-12 00:00:00,49.52
2023-05-15 00:00:00,49.69
2023-05-16 00:00:00,47.45
2023-05-17 00:00:00,46.41
2023-05-18 00:00:00,47.29
2023-05-19 00:00:00,47.27
2023-05-22 00:00:00,48.77
2023-05-23 00:00:00,47.76
2023-05-24 00:00:00,48.0
2023-05-25 00:00:00,48.52
2023-05-26 00:00:00,48.82
2023-05-28 21:00:00,46.2
2023-05-31 00:00:00,46.2
2023-06-01 00:00:00,47.86
2023-06-02 00:00:00,49.5
2023-06-05 00:00:00,49.26
2023-06-06 00:00:00,50.92
2023-06-07 00:00:00,50.47
2023-06-08 00:00:00,52.5
2023-06-09 00:00:00,54.59
2023-06-12 00:00:00,53.98
2023-06-13 00:00:00,55.43
2023-06-14 00:00:00,55.96
2023-06-15 00:00:00,58.43
2023-06-16 00:00:00,59.69
2023-06-18 21:00:00,59.63
2023-06-21 00:00:00,53.66
2023-06-22 00:00:00,53.76
2023-06-23 00:00:00,54.96
2023-06-26 00:00:00,56.18
2023-06-27 00:00:00,57.12
2023-06-28 00:00:00,55.58
2023-06-29 00:00:00,54.97
2023-06-30 00:00:00,58.97
2023-07-03 00:00:00,60.19
2023-07-05 13:30:00,61.4
2023-07-06 00:00:00,59.24
2023-07-07 00:00:00,58.33
2023-07-10 00:00:00,60.81
2023-07-11 00:00:00,59.93
2023-07-12 00:00:00,59.36
2023-07-13 00:00:00,61.27
2023-07-14 00:00:00,60.76
2023-07-17 00:00:00,60.34
2023-07-18 00:00:00,59.78
2023-07-19 00:00:00,61.44
2023-07-20 00:00:00,62.42
2023-07-21 00:00:00,62.8
2023-07-24 00:00:00,64.74
2023-07-25 00:00:00,64.26
2023-07-26 00:00:00,63.19
2023-07-27 00:00:00,62.07
2023-07-28 00:00:00,62.4
2023-07-31 00:00:00,59.99
2023-08-01 00:00:00,60.82
2023-08-02 00:00:00,60.71
2023-08-03 00:00:00,60.04
2023-08-04 00:00:00,61.52
2023-08-07 00:00:00,59.85
2023-08-08 00:00:00,59.85
2023-08-09 00:00:00,60.43
2023-08-10 00:00:00,60.48
2023-08-11 00:00:00,60.22
2023-08-14 00:00:00,61.15
2023-08-15 00:00:00,61.88
2023-08-16 00:00:00,62.81
2023-08-17 00:00:00,63.78
2023-08-18 00:00:00,64.09
2023-08-21 00:00:00,63.78
2023-08-22 00:00:00,61.8
2023-08-23 00:00:00,62.97
2023-08-24 00:00:00,62.18
2023-08-25 00:00:00,63.36
2023-08-28 00:00:00,63.45
2023-08-29 00:00:00,63.33
2023-08-30 00:00:00,62.63
2023-08-31 00:00:00,62.48
2023-09-01 00:00:00,63.29
2023-09-03 21:00:00,62.81
2023-09-06 00:00:00,62.38
2023-09-07 00:00:00,60.78
2023-09-08 00:00:00,60.5
2023-09-11 00:00:00,60.5
2023-09-12 00:00:00,60.07
2023-09-13 00:00:00,61.72
2023-09-14 00:00:00,61.72
2023-09-15 00:00:00,62.06
2023-09-18 00:00:00,60.94
2023-09-19 00:00:00,60.29
2023-09-20 00:00:00,59.29
2023-09-21 00:00:00,58.4
2023-09-22 00:00:00,59.62
2023-09-25 00:00:00,57.48
2023-09-26 00:00:00,57.71
2023-09-27 00:00:00,58.24
2023-09-28 00:00:00,56.91
2023-09-29 00:00:00,55.83
2023-10-02 00:00:00,57.43
2023-10-03 00:00:00,57.13
2023-10-04 00:00:00,55.99
2023-10-05 00:00:00,55.28
2023-10-06 00:00:00,55.35
2023-10-09 00:00:00,53.93
2023-10-10 00:00:00,53.23
2023-10-11 00:00:00,52.72
2023-10-12 00:00:00,53.37
2023-10-13 00:00:00,54.38
2023-10-16 00:00:00,55.9
2023-10-17 00:00:00,55.35
2023-10-18 00:00:00,54.86
2023-10-19 00:00:00,53.11
2023-10-20 00:00:00,53.39
2023-10-23 00:00:00,51.94
2023-10-24 00:00:00,51.32
2023-10-25 00:00:00,52.6
2023-10-26 00:00:00,51.74
2023-10-27 00:00:00,52.27
2023-10-30 00:00:00,52.39
2023-10-31 00:00:00,51.42
2023-11-01 00:00:00,49.9
2023-11-02 00:00:00,50.32
2023-11-03 00:00:00,49.36
2023-11-06 01:00:00,50.8
2023-11-07 01:00:00,49.49
2023-11-08 01:00:00,49.95
2023-11-09 01:00:00,50.45
2023-11-10 01:00:00,51.2
2023-11-13 01:00:00,51.54
2023-11-14 01:00:00,52.75
2023-11-15 01:00:00,53.05
2023-11-16 01:00:00,51.63
2023-11-17 01:00:00,52.01
2023-11-20 01:00:00,53.11
2023-11-21 01:00:00,53.43
2023-11-22 01:00:00,52.71
2023-11-24 14:30:00,50.29
2023-11-27 01:00:00,51.06
2023-11-28 01:00:00,52.94
2023-11-29 01:00:00,52.64
2023-11-30 01:00:00,52.26
2023-12-01 01:00:00,51.45
2023-12-04 01:00:00,51.24
2023-12-05 01:00:00,50.26
2023-12-06 01:00:00,49.34
2023-12-07 01:00:00,51.13
2023-12-08 01:00:00,50.2
2023-12-11 01:00:00,51.11
2023-12-12 01:00:00,50.42
2023-12-13 01:00:00,49.83
2023-12-14 01:00:00,49.51
2023-12-15 01:00:00,49.99
2023-12-18 01:00:00,50.64
2023-12-19 01:00:00,50.84
2023-12-20 01:00:00,50.76
2023-12-21 01:00:00,49.33
2023-12-22 01:00:00,49.02
2023-12-26 14:30:00,48.51
2023-12-27 01:00:00,48.66
2023-12-28 01:00:00,47.98
2023-12-29 01:00:00,48.18
2024-01-02 14:30:00,48.29
2024-01-03 01:00:00,48.6
2024-01-04 01:00:00,48.16
2024-01-05 01:00:00,47.63
2024-01-08 01:00:00,47.81
2024-01-09 01:00:00,48.45
2024-01-10 01:00:00,48.25
2024-01-11 01:00:00,48.72
2024-01-12 01:00:00,48.25
2024-01-16 01:00:00,47.25
2024-01-17 01:00:00,47.7
2024-01-18 01:00:00,47.62
2024-01-19 01:00:00,46.9
2024-01-22 01:00:00,48.16
2024-01-23 01:00:00,48.21
2024-01-24 01:00:00,47.32
2024-01-25 01:00:00,46.53
2024-01-26 01:00:00,46.93
2024-01-29 01:00:00,45.55
2024-01-30 01:00:00,46.0
2024-01-31 01:00:00,46.02
2024-02-01 01:00:00,45.6
2024-02-02 01:00:00,44.73
2024-02-05 01:00:00,45.33
2024-02-06 01:00:00,45.94
2024-02-07 01:00:00,46.76
2024-02-08 01:00:00,47.94
2024-02-09 01:00:00,47.26
2024-02-12 01:00:00,46.9
2024-02-13 01:00:00,47.3
2024-02-14 01:00:00,46.35
2024-02-15 01:00:00,46.0
2024-02-16 01:00:00,45.59
2024-02-20 01:00:00,45.41
2024-02-21 01:00:00,45.42
2024-02-22 01:00:00,44.8
2024-02-23 01:00:00,44.6
2024-02-26 01:00:00,45.02
2024-02-27 01:00:00,45.53
2024-02-28 01:00:00,45.19
2024-02-29 01:00:00,45.21
2024-03-01 01:00:00,45.16
2024-03-04 01:00:00,45.17
2024-03-05 01:00:00,45.04
2024-03-06 01:00:00,45.32
2024-03-07 01:00:00,46.35
2024-03-08 01:00:00,46.17
2024-03-11 00:00:00,46.64
2024-03-12 00:00:00,47.82
2024-03-13 00:00:00,48.57
2024-03-14 00:00:00,48.39
2024-03-15 00:00:00,49.42
2024-03-18 00:00:00,48.7
2024-03-19 00:00:00,48.14
2024-03-20 00:00:00,49.0
2024-03-21 00:00:00,48.79
2024-03-22 00:00:00,47.64
2024-03-25 00:00:00,49.02
2024-03-26 00:00:00,48.42
2024-03-27 00:00:00,47.67
2024-03-28 00:00:00,47.95
2024-04-01 00:00:00,48.24
2024-04-02 00:00:00,48.6
2024-04-03 00:00:00,48.85
2024-04-04 00:00:00,48.15
2024-04-05 00:00:00,48.89
2024-04-08 00:00:00,47.9
2024-04-09 00:00:00,47.52
2024-04-10 00:00:00,47.6
2024-04-11 00:00:00,46.02
2024-04-12 00:00:00,45.89
2024-04-15 00:00:00,45.47
2024-04-16 00:00:00,44.91
2024-04-17 00:00:00,45.0
2024-04-18 00:00:00,44.12
2024-04-19 00:00:00,44.38
2024-04-22 00:00:00,45.66
2024-04-23 00:00:00,45.88
2024-04-24 00:00:00,45.27
2024-04-25 00:00:00,45.43
2024-04-26 00:00:00,45.54
2024-04-29 00:00:00,44.37
2024-04-30 00:00:00,43.01
2024-05-01 00:00:00,43.26
2024-05-02 00:00:00,43.24
2024-05-03 00:00:00,43.08
2024-05-06 00:00:00,43.84
2024-05-07 00:00:00,44.5
2024-05-08 00:00:00,43.79
2024-05-09 00:00:00,42.64
2024-05-10 00:00:00,44.44
2024-05-13 00:00:00,45.15
2024-05-14 00:00:00,43.4
2024-05-15 00:00:00,43.55
2024-05-16 00:00:00,44.52
2024-05-17 00:00:00,45.27
2024-05-20 00:00:00,46.32
2024-05-21 00:00:00,45.81
2024-05-22 00:00:00,45.88
2024-05-23 00:00:00,45.19
2024-05-24 00:00:00,44.95
2024-05-28 00:00:00,45.52
2024-05-29 00:00:00,45.88
2024-05-30 00:00:00,45.72
2024-05-31 00:00:00,45.52
2024-06-03 00:00:00,44.14
2024-06-04 00:00:00,43.62
2024-06-05 00:00:00,43.13
2024-06-06 00:00:00,44.35
2024-06-07 00:00:00,43.63
2024-06-10 00:00:00,43.66
2024-06-11 00:00:00,43.67
2024-06-12 00:00:00,43.79
2024-06-13 00:00:00,43.86
2024-06-14 00:00:00,43.68
2024-06-17 00:00:00,43.73
2024-06-18 00:00:00,44.44
2024-06-20 00:00:00,44.37
2024-06-21 00:00:00,44.38
2024-06-24 00:00:00,43.84
2024-06-25 00:00:00,42.82
2024-06-26 00:00:00,43.65
2024-06-27 00:00:00,43.56
2024-06-28 00:00:00,43.79
2024-07-01 00:00:00,45.75
2024-07-02 00:00:00,46.72
2024-07-03 00:00:00,47.91
2024-07-05 13:30:00,48.7
2024-07-08 00:00:00,48.26
2024-07-09 00:00:00,46.31
2024-07-10 00:00:00,45.58
2024-07-11 00:00:00,46.15
2024-07-12 00:00:00,45.59
2024-07-15 00:00:00,44.91
2024-07-16 00:00:00,44.94
2024-07-17 00:00:00,43.99
2024-07-18 00:00:00,44.33
2024-07-19 00:00:00,43.97
2024-07-22 00:00:00,44.85
2024-07-23 00:00:00,45.13
2024-07-24 00:00:00,44.1
2024-07-25 00:00:00,44.17
2024-07-26 00:00:00,41.83
2024-07-29 00:00:00,41.98
2024-07-30 00:00:00,41.9
2024-07-31 00:00:00,42.32
2024-08-01 00:00:00,41.45
2024-08-02 00:00:00,40.81
2024-08-05 00:00:00,40.23
2024-08-06 00:00:00,39.96
2024-08-07 00:00:00,40.88
2024-08-08 00:00:00,40.86
2024-08-09 00:00:00,41.12
2024-08-12 00:00:00,40.47
2024-08-13 00:00:00,39.09
2024-08-14 00:00:00,38.88
2024-08-15 00:00:00,38.51
2024-08-16 00:00:00,38.67
2024-08-19 00:00:00,39.08
2024-08-20 00:00:00,39.2
2024-08-21 00:00:00,39.58
2024-08-22 00:00:00,38.98
2024-08-23 00:00:00,40.38
2024-08-26 00:00:00,40.75
2024-08-27 00:00:00,40.42
2024-08-28 00:00:00,40.72
2024-08-29 00:00:00,42.13
2024-08-30 00:00:00,42.01
2024-09-03 00:00:00,40.98
2024-09-04 00:00:00,40.16
2024-09-05 00:00:00,41.17
2024-09-06 00:00:00,39.63
2024-09-09 00:00:00,40.48
2024-09-10 00:00:00,39.63
2024-09-11 00:00:00,39.3
2024-09-12 00:00:00,39.79
2024-09-13 00:00:00,38.93
2024-09-16 00:00:00,39.11
2024-09-17 00:00:00,39.88
2024-09-18 00:00:00,40.31
2024-09-19 00:00:00,40.93
2024-09-20 00:00:00,41.36
2024-09-23 00:00:00,41.84
2024-09-24 00:00:00,43.34
2024-09-25 00:00:00,44.15
2024-09-26 00:00:00,42.9
2024-09-27 00:00:00,42.36
2024-09-30 00:00:00,43.31
2024-10-01 00:00:00,42.91
2024-10-02 00:00:00,43.64
2024-10-03 00:00:00,44.53
2024-10-04 00:00:00,43.97
2024-10-07 00:00:00,44.57
2024-10-08 00:00:00,43.09
2024-10-09 00:00:00,43.06
2024-10-10 00:00:00,43.76
2024-10-11 00:00:00,43.33
2024-10-14 00:00:00,41.9
2024-10-15 00:00:00,42.45
2024-10-16 00:00:00,41.68
2024-10-17 00:00:00,42.59
2024-10-18 00:00:00,41.82
2024-10-21 00:00:00,42.39
2024-10-22 00:00:00,43.69
2024-10-23 00:00:00,43.39
2024-10-24 00:00:00,44.33
2024-10-25 00:00:00,44.15
2024-10-28 00:00:00,42.69
2024-10-29 00:00:00,42.8
2024-10-30 00:00:00,43.81
2024-10-31 00:00:00,45.14
2024-11-01 00:00:00,46.3
2024-11-04 01:00:00,45.56
2024-11-05 01:00:00,44.99
2024-11-06 01:00:00,46.34
2024-11-07 01:00:00,48.32
2024-11-08 01:00:00,48.77
2024-11-11 01:00:00,48.14
2024-11-12 01:00:00,46.23
2024-11-13 01:00:00,45.18
2024-11-14 01:00:00,44.44
2024-11-15 01:00:00,45.35
2024-11-18 01:00:00,45.52
2024-11-19 01:00:00,44.84
2024-11-20 01:00:00,43.36
2024-11-21 01:00:00,42.28
2024-11-22 01:00:00,41.84
2024-11-25 01:00:00,41.33
2024-11-26 01:00:00,42.71
2024-11-27 01:00:00,40.92
2024-11-29 14:30:00,41.74
2024-12-02 01:00:00,41.42
2024-12-03 01:00:00,42.14
2024-12-04 01:00:00,41.42
2024-12-05 01:00:00,42.31
2024-12-06 01:00:00,42.97
2024-12-09 01:00:00,42.8
2024-12-10 01:00:00,42.72
2024-12-11 01:00:00,42.44
2024-12-12 01:00:00,42.67
2024-12-13 01:00:00,42.61
2024-12-16 01:00:00,41.72
2024-12-17 01:00:00,40.62
2024-12-18 01:00:00,39.55
2024-12-19 01:00:00,40.42
2024-12-20 01:00:00,39.88
2024-12-23 01:00:00,40.66
2024-12-24 01:00:00,40.3
2024-12-26 14:30:00,39.88
2024-12-27 01:00:00,40.0
2024-12-30 01:00:00,40.3
2024-12-31 01:00:00,40.36
2025-01-02 14:30:00,40.27
2025-01-03 01:00:00,39.93
2025-01-06 01:00:00,40.33
2025-01-07 01:00:00,41.25
2025-01-08 01:00:00,41.59
2025-01-09 01:00:00,42.76
2025-01-10 01:00:00,45.58
2025-01-13 01:00:00,45.99
2025-01-14 01:00:00,46.22
2025-01-15 01:00:00,46.27
2025-01-16 01:00:00,45.03
2025-01-17 01:00:00,45.69
2025-01-21 01:00:00,45.77
2025-01-22 01:00:00,44.42
2025-01-23 01:00:00,45.04
2025-01-24 01:00:00,45.22
2025-01-27 01:00:00,45.0
2025-01-28 01:00:00,45.13
2025-01-29 01:00:00,44.97
2025-01-30 01:00:00,44.98
2025-01-31 01:00:00,46.11
2025-02-03 01:00:00,46.51
2025-02-04 01:00:00,45.76
2025-02-05 01:00:00,45.09
2025-02-06 01:00:00,45.4
2025-02-07 01:00:00,45.98
2025-02-10 01:00:00,45.73
2025-02-11 01:00:00,46.13
2025-02-12 01:00:00,45.66
2025-02-13 01:00:00,46.25
2025-02-14 01:00:00,46.07
2025-02-18 01:00:00,47.3
2025-02-19 01:00:00,46.3
2025-02-20 01:00:00,47.79
2025-02-21 01:00:00,47.34
2025-02-24 01:00:00,46.3
2025-02-25 01:00:00,46.05
2025-02-26 01:00:00,45.59
2025-02-27 01:00:00,45.35
2025-02-28 01:00:00,44.12
2025-03-03 01:00:00,43.49
2025-03-04 01:00:00,42.84
2025-03-05 01:00:00,42.99
2025-03-06 01:00:00,43.17
2025-03-07 01:00:00,43.42
2025-03-10 00:00:00,42.26
2025-03-11 00:00:00,41.93
2025-03-12 00:00:00,41.68
2025-03-13 00:00:00,41.28
2025-03-14 00:00:00,41.59
2025-03-17 00:00:00,42.1
2025-03-18 00:00:00,42.54
2025-03-19 00:00:00,42.36
2025-03-20 00:00:00,42.71
2025-03-21 00:00:00,42.01
2025-03-24 00:00:00,42.15
2025-03-25 00:00:00,42.3
2025-03-26 00:00:00,42.64
2025-03-27 00:00:00,44.27
2025-03-28 00:00:00,45.16
2025-03-31 00:00:00,44.89
2025-04-01 00:00:00,47.44
2025-04-02 00:00:00,48.5
2025-04-03 00:00:00,47.06
2025-04-04 00:00:00,45.84
2025-04-07 00:00:00,45.15
2025-04-08 00:00:00,44.94
2025-04-09 00:00:00,46.19
2025-04-10 00:00:00,46.32
2025-04-11 00:00:00,47.35
2025-04-14 00:00:00,46.32
2025-04-15 00:00:00,47.33
2025-04-16 00:00:00,47.48
2025-04-17 00:00:00,47.87
2025-04-21 00:00:00,47.82
2025-04-22 00:00:00,48.03
2025-04-23 00:00:00,48.34
2025-04-24 00:00:00,50.07
2025-04-25 00:00:00,49.81
2025-04-28 00:00:00,50.46
2025-04-29 00:00:00,49.33
2025-04-30 00:00:00,48.97
2025-05-01 00:00:00,49.7
2025-05-02 00:00:00,49.43
2025-05-05 00:00:00,48.73
2025-05-06 00:00:00,48.35
2025-05-07 00:00:00,47.33
2025-05-08 00:00:00,48.45
2025-05-09 00:00:00,48.57
2025-05-12 00:00:00,49.92
2025-05-13 00:00:00,51.48
2025-05-14 00:00:00,52.32
2025-05-15 00:00:00,49.32
2025-05-16 00:00:00,48.93
2025-05-19 00:00:00,49.44
2025-05-20 00:00:00,49.5
2025-05-21 00:00:00,49.83
2025-05-22 00:00:00,49.11
2025-05-23 00:00:00,49.35
2025-05-27 00:00:00,49.57
2025-05-28 00:00:00,48.93
2025-05-29 00:00:00,48.39
2025-05-30 00:00:00,46.89
2025-06-02 00:00:00,46.28
2025-06-03 00:00:00,46.81
2025-06-04 00:00:00,46.81
2025-06-05 00:00:00,46.65
2025-06-06 00:00:00,47.5
2025-06-09 00:00:00,47.38
2025-06-10 00:00:00,47.79
2025-06-11 00:00:00,48.02
2025-06-12 00:00:00,47.61
2025-06-13 00:00:00,50.61
2025-06-16 00:00:00,55.11
2025-06-17 00:00:00,54.79
2025-06-18 00:00:00,55.4
2025-06-20 00:00:00,55.1
2025-06-23 00:00:00,53.75
2025-06-24 00:00:00,52.61
2025-06-25 00:00:00,52.32
2025-06-26 00:00:00,52.85
2025-06-27 00:00:00,52.61
2025-06-30 00:00:00,52.75
2025-07-01 00:00:00,53.68
2025-07-02 00:00:00,55.07
2025-07-03 00:00:00,54.67
2025-07-07 00:00:00,53.86
2025-07-08 00:00:00,54.0
2025-07-09 00:00:00,53.27
2025-07-10 00:00:00,53.47
2025-07-11 00:00:00,53.65
2025-07-14 00:00:00,54.0
2025-07-15 00:00:00,54.4
2025-07-16 00:00:00,54.68
2025-07-17 00:00:00,56.15
2025-07-18 00:00:00,55.59
